period_type;start_date;end_date;salesman_fio;chif_fio;sales_count;sales_sum;max_overcharge_item;max_overcharge_percent
month;43405;43434;Алексеев Никита Карлович;Касатый Ника Федотовна;1;1033326;БСТ B45 П5 F1300 W16;43
week;43423;43429;Алексеев Никита Карлович;Касатый Ника Федотовна;1;1033326;Раствор М100 Пк3;43
month;43435;43465;Алексеев Никита Карлович;Касатый Ника Федотовна;3;2944260;БСТ B35 П5 F1300 W12;67
week;43444;43450;Алексеев Никита Карлович;Касатый Ника Федотовна;1;660240;БСТ B30 П4 F1150 W10;44
week;43458;43464;Алексеев Никита Карлович;Касатый Ника Федотовна;2;2284020;БСТ B35 П5 F1300 W12;67
month;43466;43496;Алексеев Никита Карлович;Касатый Ника Федотовна;5;3618611;Мелкозернистый бетон БСМ B 7,5 П3,П4;63
week;43472;43478;Алексеев Никита Карлович;Касатый Ника Федотовна;1;904579;БСТ B35 П5 F1300 W12;63
week;43479;43485;Алексеев Никита Карлович;Касатый Ника Федотовна;2;1463382;Пусковая смесь;50
week;43486;43492;Алексеев Никита Карлович;Касатый Ника Федотовна;2;1250650;Мелкозернистый бетон БСМ B25 П3,П4;55
month;43525;43555;Алексеев Никита Карлович;Касатый Ника Федотовна;1;618298;Мелкозернистый бетон БСМ B25 П3,П4;12
week;43535;43541;Алексеев Никита Карлович;Касатый Ника Федотовна;1;618298;БСТ B12,5 П3,П4;12
month;43556;43585;Алексеев Никита Карлович;Касатый Ника Федотовна;3;1814883;БСТ B40 П5 F1300 W14;38
week;43563;43569;Алексеев Никита Карлович;Касатый Ника Федотовна;1;453288;БСТ B30 П4 F1150 W10;11
week;43577;43583;Алексеев Никита Карлович;Касатый Ника Федотовна;1;949008;БСТ B25 П4 F1200 W10;38
week;43584;43590;Алексеев Никита Карлович;Касатый Ника Федотовна;2;1128965;Пусковая смесь;18
month;43586;43616;Алексеев Никита Карлович;Касатый Ника Федотовна;4;2524779;Мелкозернистый бетон БСМ B22,5 П3,П4;38
week;43591;43597;Алексеев Никита Карлович;Касатый Ника Федотовна;1;693450;Мелкозернистый бетон БСМ B22,5 П3,П4;38
week;43605;43611;Алексеев Никита Карлович;Касатый Ника Федотовна;1;522001;Раствор кладочный М150 Пк3;9
week;43612;43618;Алексеев Никита Карлович;Касатый Ника Федотовна;1;592950;БСТ B40 П5 F1300 W14;18
month;43617;43646;Алексеев Никита Карлович;Касатый Ника Федотовна;1;47140;Фасовка;49
week;43633;43639;Алексеев Никита Карлович;Касатый Ника Федотовна;1;47140;БСТ B15 П3,П4;49
month;43647;43677;Алексеев Никита Карлович;Касатый Ника Федотовна;4;2307701;Раствор кладочный М150 Пк3;37
week;43661;43667;Алексеев Никита Карлович;Касатый Ника Федотовна;2;1000566;Мелкозернистый бетон БСМ B22,5 П3,П4;30
week;43675;43681;Алексеев Никита Карлович;Касатый Ника Федотовна;3;1878295;БСТ B60 П5 F1300 W20;37
month;43678;43708;Алексеев Никита Карлович;Касатый Ника Федотовна;2;1481810;БСТ B60 П5 F1300 W20;50
week;43689;43695;Алексеев Никита Карлович;Касатый Ника Федотовна;1;910650;БСТ B35 П5 F1300 W12;50
month;43709;43738;Алексеев Никита Карлович;Касатый Ника Федотовна;1;718734;Раствор М200 Пк3;3
week;43738;43744;Алексеев Никита Карлович;Касатый Ника Федотовна;1;718734;БСТ B35 П5 F1200 W12;3
month;43739;43769;Алексеев Никита Карлович;Касатый Ника Федотовна;4;2676993;БСТ B50 П5 F1300 W18;37
week;43745;43751;Алексеев Никита Карлович;Касатый Ника Федотовна;1;491940;БСТ B60 П5 F1300 W20;8
week;43752;43758;Алексеев Никита Карлович;Касатый Ника Федотовна;1;582552;БСТ B30 П4 F1150 W10;24
week;43766;43772;Алексеев Никита Карлович;Касатый Ника Федотовна;2;1602501;БСТ B30 П4 F1200 W10;37
month;43770;43799;Алексеев Никита Карлович;Касатый Ника Федотовна;4;2625699;БСТ B30 П4 F1200 W10;47
week;43773;43779;Алексеев Никита Карлович;Касатый Ника Федотовна;2;1308865;БСТ B15 П3,П4;47
week;43787;43793;Алексеев Никита Карлович;Касатый Ника Федотовна;1;576660;БСТ B25 П4 F1200 W10;40
week;43794;43800;Алексеев Никита Карлович;Касатый Ника Федотовна;1;740174;БСТ B20 П3,П4;22
month;43800;43830;Алексеев Никита Карлович;Касатый Ника Федотовна;1;690864;Мелкозернистый бетон БСМ B22,5 П3,П4;48
week;43801;43807;Алексеев Никита Карлович;Касатый Ника Федотовна;1;690864;Раствор М150 Пк3;48
week;43829;43835;Алексеев Никита Карлович;Касатый Ника Федотовна;1;874950;БСТ B30 П4 F1200 W10;50
month;43831;43861;Алексеев Никита Карлович;Касатый Ника Федотовна;2;1660950;БСТ B40 П5 F1300 W14;50
week;43836;43842;Алексеев Никита Карлович;Касатый Ника Федотовна;1;786000;БСТ B25 П4 F1150 W8;50
week;43857;43863;Алексеев Никита Карлович;Касатый Ника Федотовна;1;974512;Мелкозернистый бетон БСМ B22,5 П3,П4;13
month;43862;43890;Алексеев Никита Карлович;Касатый Ника Федотовна;1;974512;БСТ B40 П5 F1300 W14;13
month;43405;43434;Галиаскаров Харитон Ипатиевич;Коченкова Розалия Федоровна;1;787776;БСТ B45 П5 F1300 W16;41
week;43430;43436;Галиаскаров Харитон Ипатиевич;Коченкова Розалия Федоровна;1;787776;БСТ B50 П5 F1300 W18;41
month;43435;43465;Галиаскаров Харитон Ипатиевич;Коченкова Розалия Федоровна;3;1900408;БСТ B35 П5 F1300 W12;57
week;43444;43450;Галиаскаров Харитон Ипатиевич;Коченкова Розалия Федоровна;2;1224204;БСТ B30 П4 F1150 W10;31
week;43451;43457;Галиаскаров Харитон Ипатиевич;Коченкова Розалия Федоровна;1;676204;БСТ B30 П4 F1150 W10;57
month;43466;43496;Галиаскаров Харитон Ипатиевич;Коченкова Розалия Федоровна;1;47549;Мелкозернистый бетон БСМ B 7,5 П3,П4;56
week;43493;43499;Галиаскаров Харитон Ипатиевич;Коченкова Розалия Федоровна;1;47549;БСТ B20 П3,П4;56
month;43497;43524;Галиаскаров Харитон Ипатиевич;Коченкова Розалия Федоровна;3;1270039;БСТ B45 П5 F1300 W16;80
week;43521;43527;Галиаскаров Харитон Ипатиевич;Коченкова Розалия Федоровна;3;1270039;Раствор М100 Пк3;80
month;43525;43555;Галиаскаров Харитон Ипатиевич;Коченкова Розалия Федоровна;4;1531857;Мелкозернистый бетон БСМ B25 П3,П4;61
week;43528;43534;Галиаскаров Харитон Ипатиевич;Коченкова Розалия Федоровна;1;552083;Мелкозернистый бетон БСМ B15 П3,П4;35
week;43549;43555;Галиаскаров Харитон Ипатиевич;Коченкова Розалия Федоровна;3;979774;БСТ B35 П5 F1300 W12;61
month;43556;43585;Галиаскаров Харитон Ипатиевич;Коченкова Розалия Федоровна;2;1324958;БСТ B40 П5 F1300 W14;31
week;43556;43562;Галиаскаров Харитон Ипатиевич;Коченкова Розалия Федоровна;1;554449;БСТ B40 П5 F1300 W14;7
week;43563;43569;Галиаскаров Харитон Ипатиевич;Коченкова Розалия Федоровна;1;770509;БСТ B30 П4 F1150 W10;31
month;43617;43646;Галиаскаров Харитон Ипатиевич;Коченкова Розалия Федоровна;3;927743;Фасовка;50
week;43626;43632;Галиаскаров Харитон Ипатиевич;Коченкова Розалия Федоровна;1;47739;БСТ B60 П5 F1300 W20;34
week;43633;43639;Галиаскаров Харитон Ипатиевич;Коченкова Розалия Федоровна;2;880004;БСТ B15 П3,П4;50
month;43647;43677;Галиаскаров Харитон Ипатиевич;Коченкова Розалия Федоровна;3;1523049;Раствор кладочный М150 Пк3;17
week;43647;43653;Галиаскаров Харитон Ипатиевич;Коченкова Розалия Федоровна;2;933720;Мелкозернистый бетон БСМ B 7,5 П3,П4;14
week;43661;43667;Галиаскаров Харитон Ипатиевич;Коченкова Розалия Федоровна;1;589329;Мелкозернистый бетон БСМ B22,5 П3,П4;17
month;43709;43738;Галиаскаров Харитон Ипатиевич;Коченкова Розалия Федоровна;2;1124460;Раствор М200 Пк3;38
week;43731;43737;Галиаскаров Харитон Ипатиевич;Коченкова Розалия Федоровна;2;1124460;БСТ B40 П5 F1300 W14;38
month;43739;43769;Галиаскаров Харитон Ипатиевич;Коченкова Розалия Федоровна;4;2992002;БСТ B50 П5 F1300 W18;50
week;43745;43751;Галиаскаров Харитон Ипатиевич;Коченкова Розалия Федоровна;2;1261047;БСТ B60 П5 F1300 W20;29
week;43752;43758;Галиаскаров Харитон Ипатиевич;Коченкова Розалия Федоровна;1;807450;БСТ B30 П4 F1150 W10;50
week;43766;43772;Галиаскаров Харитон Ипатиевич;Коченкова Розалия Федоровна;1;923505;БСТ B30 П4 F1200 W10;45
month;43770;43799;Галиаскаров Харитон Ипатиевич;Коченкова Розалия Федоровна;3;1130904;БСТ B30 П4 F1200 W10;80
week;43780;43786;Галиаскаров Харитон Ипатиевич;Коченкова Розалия Федоровна;1;59616;БСТ B45 П5 F1300 W16;80
week;43787;43793;Галиаскаров Харитон Ипатиевич;Коченкова Розалия Федоровна;2;1071288;БСТ B25 П4 F1200 W10;41
month;43831;43861;Галиаскаров Харитон Ипатиевич;Коченкова Розалия Федоровна;2;1298000;БСТ B40 П5 F1300 W14;46
week;43843;43849;Галиаскаров Харитон Ипатиевич;Коченкова Розалия Федоровна;1;512082;БСТ B30 П4 F1200 W10;9
week;43850;43856;Галиаскаров Харитон Ипатиевич;Коченкова Розалия Федоровна;1;785918;БСТ B30 П4 F1150 W10;46
month;43405;43434;Дуболазов Венедикт Эрнестович;Кокоткин Аркадий Анатолиевич;1;664224;БСТ B45 П5 F1300 W16;77
week;43423;43429;Дуболазов Венедикт Эрнестович;Кокоткин Аркадий Анатолиевич;1;664224;Раствор М100 Пк3;77
month;43435;43465;Дуболазов Венедикт Эрнестович;Кокоткин Аркадий Анатолиевич;2;2450819;БСТ B35 П5 F1300 W12;69
week;43451;43457;Дуболазов Венедикт Эрнестович;Кокоткин Аркадий Анатолиевич;1;1593368;БСТ B30 П4 F1150 W10;69
week;43465;43471;Дуболазов Венедикт Эрнестович;Кокоткин Аркадий Анатолиевич;1;857451;БСТ B30 П4 F1200 W10;69
month;43466;43496;Дуболазов Венедикт Эрнестович;Кокоткин Аркадий Анатолиевич;1;601392;Мелкозернистый бетон БСМ B 7,5 П3,П4;47
week;43486;43492;Дуболазов Венедикт Эрнестович;Кокоткин Аркадий Анатолиевич;1;601392;Мелкозернистый бетон БСМ B25 П3,П4;47
month;43497;43524;Дуболазов Венедикт Эрнестович;Кокоткин Аркадий Анатолиевич;4;1182060;БСТ B45 П5 F1300 W16;38
week;43514;43520;Дуболазов Венедикт Эрнестович;Кокоткин Аркадий Анатолиевич;3;134410;БСТ B60 П5 F1300 W20;38
week;43521;43527;Дуболазов Венедикт Эрнестович;Кокоткин Аркадий Анатолиевич;3;2322253;Раствор М100 Пк3;29
month;43525;43555;Дуболазов Венедикт Эрнестович;Кокоткин Аркадий Анатолиевич;3;1754771;Мелкозернистый бетон БСМ B25 П3,П4;29
week;43542;43548;Дуболазов Венедикт Эрнестович;Кокоткин Аркадий Анатолиевич;1;480168;Мелкозернистый бетон БСМ B25 П3,П4;23
month;43556;43585;Дуболазов Венедикт Эрнестович;Кокоткин Аркадий Анатолиевич;4;2644296;БСТ B40 П5 F1300 W14;55
week;43556;43562;Дуболазов Венедикт Эрнестович;Кокоткин Аркадий Анатолиевич;1;862082;БСТ B40 П5 F1300 W14;55
week;43563;43569;Дуболазов Венедикт Эрнестович;Кокоткин Аркадий Анатолиевич;1;639699;БСТ B30 П4 F1150 W10;33
week;43577;43583;Дуболазов Венедикт Эрнестович;Кокоткин Аркадий Анатолиевич;1;469165;БСТ B25 П4 F1200 W10;12
week;43584;43590;Дуболазов Венедикт Эрнестович;Кокоткин Аркадий Анатолиевич;1;673350;Пусковая смесь;45
month;43586;43616;Дуболазов Венедикт Эрнестович;Кокоткин Аркадий Анатолиевич;4;4843768;Мелкозернистый бетон БСМ B22,5 П3,П4;46
week;43591;43597;Дуболазов Венедикт Эрнестович;Кокоткин Аркадий Анатолиевич;2;2121904;Мелкозернистый бетон БСМ B22,5 П3,П4;46
week;43598;43604;Дуболазов Венедикт Эрнестович;Кокоткин Аркадий Анатолиевич;1;1554984;БСТ B25 П4 F1200 W10;38
week;43612;43618;Дуболазов Венедикт Эрнестович;Кокоткин Аркадий Анатолиевич;1;1166880;БСТ B40 П5 F1300 W14;30
month;43617;43646;Дуболазов Венедикт Эрнестович;Кокоткин Аркадий Анатолиевич;3;1345910;Фасовка;67
week;43626;43632;Дуболазов Венедикт Эрнестович;Кокоткин Аркадий Анатолиевич;1;54293;БСТ B60 П5 F1300 W20;67
week;43633;43639;Дуболазов Венедикт Эрнестович;Кокоткин Аркадий Анатолиевич;1;466752;БСТ B15 П3,П4;4
week;43640;43646;Дуболазов Венедикт Эрнестович;Кокоткин Аркадий Анатолиевич;1;824865;БСТ B40 П5 F1300 W14;27
month;43678;43708;Дуболазов Венедикт Эрнестович;Кокоткин Аркадий Анатолиевич;2;1191734;БСТ B60 П5 F1300 W20;34
week;43682;43688;Дуболазов Венедикт Эрнестович;Кокоткин Аркадий Анатолиевич;2;1191734;Раствор М200 Пк3;34
month;43770;43799;Дуболазов Венедикт Эрнестович;Кокоткин Аркадий Анатолиевич;1;763904;БСТ B30 П4 F1200 W10;28
week;43773;43779;Дуболазов Венедикт Эрнестович;Кокоткин Аркадий Анатолиевич;1;763904;БСТ B15 П3,П4;28
month;43800;43830;Дуболазов Венедикт Эрнестович;Кокоткин Аркадий Анатолиевич;4;1316410;Мелкозернистый бетон БСМ B22,5 П3,П4;76
week;43801;43807;Дуболазов Венедикт Эрнестович;Кокоткин Аркадий Анатолиевич;2;1218760;Раствор М150 Пк3;42
week;43808;43814;Дуболазов Венедикт Эрнестович;Кокоткин Аркадий Анатолиевич;1;40232;БСТ B45 П5 F1300 W16;24
week;43815;43821;Дуболазов Венедикт Эрнестович;Кокоткин Аркадий Анатолиевич;1;57418;Мелкозернистый бетон БСМ B15 П3,П4;76
month;43831;43861;Дуболазов Венедикт Эрнестович;Кокоткин Аркадий Анатолиевич;2;1804000;БСТ B40 П5 F1300 W14;31
week;43857;43863;Дуболазов Венедикт Эрнестович;Кокоткин Аркадий Анатолиевич;3;2405392;Мелкозернистый бетон БСМ B22,5 П3,П4;34
month;43862;43890;Дуболазов Венедикт Эрнестович;Кокоткин Аркадий Анатолиевич;2;1253786;БСТ B40 П5 F1300 W14;37
week;43871;43877;Дуболазов Венедикт Эрнестович;Кокоткин Аркадий Анатолиевич;1;652394;Мелкозернистый бетон БСМ B25 П3,П4;37
month;43405;43434;Жилов Всеволод Иосифович;Коченкова Розалия Федоровна;1;824865;БСТ B45 П5 F1300 W16;36
week;43430;43436;Жилов Всеволод Иосифович;Коченкова Розалия Федоровна;1;824865;БСТ B50 П5 F1300 W18;36
month;43466;43496;Жилов Всеволод Иосифович;Коченкова Розалия Федоровна;1;1432756;Мелкозернистый бетон БСМ B 7,5 П3,П4;29
week;43472;43478;Жилов Всеволод Иосифович;Коченкова Розалия Федоровна;1;1432756;БСТ B35 П5 F1300 W12;29
month;43497;43524;Жилов Всеволод Иосифович;Коченкова Розалия Федоровна;1;859392;БСТ B45 П5 F1300 W16;51
week;43500;43506;Жилов Всеволод Иосифович;Коченкова Розалия Федоровна;1;859392;БСТ B45 П5 F1300 W16;51
month;43525;43555;Жилов Всеволод Иосифович;Коченкова Розалия Федоровна;2;1256962;Мелкозернистый бетон БСМ B25 П3,П4;42
week;43542;43548;Жилов Всеволод Иосифович;Коченкова Розалия Федоровна;2;1256962;Мелкозернистый бетон БСМ B25 П3,П4;42
month;43556;43585;Жилов Всеволод Иосифович;Коченкова Розалия Федоровна;3;1889091;БСТ B40 П5 F1300 W14;51
week;43556;43562;Жилов Всеволод Иосифович;Коченкова Розалия Федоровна;1;587604;БСТ B40 П5 F1300 W14;51
week;43563;43569;Жилов Всеволод Иосифович;Коченкова Розалия Федоровна;1;855447;БСТ B30 П4 F1150 W10;45
week;43577;43583;Жилов Всеволод Иосифович;Коченкова Розалия Федоровна;1;446040;БСТ B25 П4 F1200 W10;22
month;43586;43616;Жилов Всеволод Иосифович;Коченкова Розалия Федоровна;3;1588002;Мелкозернистый бетон БСМ B22,5 П3,П4;26
week;43591;43597;Жилов Всеволод Иосифович;Коченкова Розалия Федоровна;1;523026;Мелкозернистый бетон БСМ B22,5 П3,П4;26
week;43605;43611;Жилов Всеволод Иосифович;Коченкова Розалия Федоровна;2;1064976;Раствор кладочный М150 Пк3;22
week;43612;43618;Жилов Всеволод Иосифович;Коченкова Розалия Федоровна;1;46481;БСТ B40 П5 F1300 W14;43
month;43617;43646;Жилов Всеволод Иосифович;Коченкова Розалия Федоровна;2;613159;Фасовка;43
week;43619;43625;Жилов Всеволод Иосифович;Коченкова Розалия Федоровна;1;566678;БСТ B20 П3,П4;19
month;43647;43677;Жилов Всеволод Иосифович;Коченкова Розалия Федоровна;2;1246773;Раствор кладочный М150 Пк3;42
week;43668;43674;Жилов Всеволод Иосифович;Коченкова Розалия Федоровна;1;609477;БСТ B30 П4 F1200 W10;21
week;43675;43681;Жилов Всеволод Иосифович;Коченкова Розалия Федоровна;1;637296;БСТ B60 П5 F1300 W20;42
month;43678;43708;Жилов Всеволод Иосифович;Коченкова Розалия Федоровна;1;42958;БСТ B60 П5 F1300 W20;36
week;43689;43695;Жилов Всеволод Иосифович;Коченкова Розалия Федоровна;1;42958;БСТ B35 П5 F1300 W12;36
month;43709;43738;Жилов Всеволод Иосифович;Коченкова Розалия Федоровна;1;550735;Раствор М200 Пк3;15
week;43717;43723;Жилов Всеволод Иосифович;Коченкова Розалия Федоровна;1;550735;БСТ B35 П5 F1200 W12;15
week;43766;43772;Жилов Всеволод Иосифович;Коченкова Розалия Федоровна;1;540766;БСТ B30 П4 F1200 W10;27
month;43770;43799;Жилов Всеволод Иосифович;Коченкова Розалия Федоровна;3;1722005;БСТ B30 П4 F1200 W10;35
week;43780;43786;Жилов Всеволод Иосифович;Коченкова Розалия Федоровна;1;566314;БСТ B45 П5 F1300 W16;33
week;43794;43800;Жилов Всеволод Иосифович;Коченкова Розалия Федоровна;1;614925;БСТ B20 П3,П4;35
month;43800;43830;Жилов Всеволод Иосифович;Коченкова Розалия Федоровна;5;2776005;Мелкозернистый бетон БСМ B22,5 П3,П4;50
week;43801;43807;Жилов Всеволод Иосифович;Коченкова Розалия Федоровна;4;2194749;Раствор М150 Пк3;50
week;43822;43828;Жилов Всеволод Иосифович;Коченкова Розалия Федоровна;1;581256;Раствор М150 Пк3;38
week;43829;43835;Жилов Всеволод Иосифович;Коченкова Розалия Федоровна;1;764442;БСТ B30 П4 F1200 W10;26
month;43831;43861;Жилов Всеволод Иосифович;Коченкова Розалия Федоровна;3;3226553;БСТ B40 П5 F1300 W14;46
week;43836;43842;Жилов Всеволод Иосифович;Коченкова Розалия Федоровна;1;758875;БСТ B25 П4 F1150 W8;25
week;43843;43849;Жилов Всеволод Иосифович;Коченкова Розалия Федоровна;1;1703236;БСТ B30 П4 F1200 W10;46
week;43857;43863;Жилов Всеволод Иосифович;Коченкова Розалия Федоровна;1;602768;Мелкозернистый бетон БСМ B22,5 П3,П4;1
month;43862;43890;Жилов Всеволод Иосифович;Коченкова Розалия Федоровна;3;1728449;БСТ B40 П5 F1300 W14;35
week;43864;43870;Жилов Всеволод Иосифович;Коченкова Розалия Федоровна;2;1125681;БСТ B40 П5 F1300 W14;35
month;43405;43434;Касатый Ника Федотовна;Касатый Ника Федотовна;3;832672;БСТ B45 П5 F1300 W16;43
week;43423;43429;Касатый Ника Федотовна;Касатый Ника Федотовна;2;785377;Раствор М100 Пк3;38
week;43430;43436;Касатый Ника Федотовна;Касатый Ника Федотовна;1;47295;БСТ B50 П5 F1300 W18;43
month;43435;43465;Касатый Ника Федотовна;Касатый Ника Федотовна;4;2599179;БСТ B35 П5 F1300 W12;68
week;43437;43443;Касатый Ника Федотовна;Касатый Ника Федотовна;1;523113;БСТ B 7,5 П3,П4;32
week;43451;43457;Касатый Ника Федотовна;Касатый Ника Федотовна;1;579198;БСТ B30 П4 F1150 W10;20
week;43458;43464;Касатый Ника Федотовна;Касатый Ника Федотовна;2;1496868;БСТ B35 П5 F1300 W12;68
month;43497;43524;Касатый Ника Федотовна;Касатый Ника Федотовна;3;2200753;БСТ B45 П5 F1300 W16;54
week;43507;43513;Касатый Ника Федотовна;Касатый Ника Федотовна;1;713550;БСТ B30 П4 F1200 W10;54
week;43521;43527;Касатый Ника Федотовна;Касатый Ника Федотовна;2;1487203;Раствор М100 Пк3;40
month;43525;43555;Касатый Ника Федотовна;Касатый Ника Федотовна;1;602768;Мелкозернистый бетон БСМ B25 П3,П4;6
week;43535;43541;Касатый Ника Федотовна;Касатый Ника Федотовна;1;602768;БСТ B12,5 П3,П4;6
month;43556;43585;Касатый Ника Федотовна;Касатый Ника Федотовна;1;537675;БСТ B40 П5 F1300 W14;16
week;43570;43576;Касатый Ника Федотовна;Касатый Ника Федотовна;1;537675;БСТ B30 П4 F1200 W10;16
week;43584;43590;Касатый Ника Федотовна;Касатый Ника Федотовна;1;543683;Пусковая смесь;1
month;43586;43616;Касатый Ника Федотовна;Касатый Ника Федотовна;5;3271425;Мелкозернистый бетон БСМ B22,5 П3,П4;47
week;43605;43611;Касатый Ника Федотовна;Касатый Ника Федотовна;2;1053671;Раствор кладочный М150 Пк3;41
week;43612;43618;Касатый Ника Федотовна;Касатый Ника Федотовна;2;1674071;БСТ B40 П5 F1300 W14;47
month;43678;43708;Касатый Ника Федотовна;Касатый Ника Федотовна;1;434889;БСТ B60 П5 F1300 W20;17
week;43703;43709;Касатый Ника Федотовна;Касатый Ника Федотовна;1;434889;Формовка;17
month;43709;43738;Касатый Ника Федотовна;Касатый Ника Федотовна;2;94270;Раствор М200 Пк3;61
week;43724;43730;Касатый Ника Федотовна;Касатый Ника Федотовна;1;41013;Дегидрация;26
week;43731;43737;Касатый Ника Федотовна;Касатый Ника Федотовна;1;53257;БСТ B40 П5 F1300 W14;61
month;43739;43769;Касатый Ника Федотовна;Касатый Ника Федотовна;2;1008435;БСТ B50 П5 F1300 W18;32
week;43752;43758;Касатый Ника Федотовна;Касатый Ника Федотовна;2;1008435;БСТ B30 П4 F1150 W10;32
month;43770;43799;Касатый Ника Федотовна;Касатый Ника Федотовна;3;1791259;БСТ B30 П4 F1200 W10;40
week;43773;43779;Касатый Ника Федотовна;Касатый Ника Федотовна;1;657720;БСТ B15 П3,П4;40
week;43780;43786;Касатый Ника Федотовна;Касатый Ника Федотовна;1;579469;БСТ B45 П5 F1300 W16;21
week;43787;43793;Касатый Ника Федотовна;Касатый Ника Федотовна;1;554070;БСТ B25 П4 F1200 W10;10
month;43800;43830;Касатый Ника Федотовна;Касатый Ника Федотовна;4;1967837;Мелкозернистый бетон БСМ B22,5 П3,П4;79
week;43801;43807;Касатый Ника Федотовна;Касатый Ника Федотовна;1;661918;Раствор М150 Пк3;39
week;43808;43814;Касатый Ника Федотовна;Касатый Ника Федотовна;2;1246700;БСТ B45 П5 F1300 W16;26
week;43815;43821;Касатый Ника Федотовна;Касатый Ника Федотовна;1;59219;Мелкозернистый бетон БСМ B15 П3,П4;79
month;43831;43861;Касатый Ника Федотовна;Касатый Ника Федотовна;2;1185016;БСТ B40 П5 F1300 W14;24
week;43836;43842;Касатый Ника Федотовна;Касатый Ника Федотовна;1;623100;БСТ B25 П4 F1150 W8;24
week;43850;43856;Касатый Ника Федотовна;Касатый Ника Федотовна;1;561916;БСТ B30 П4 F1150 W10;18
month;43405;43434;Ковпака Людмила Степановна;Янушко Анастасия Антониновна;1;837360;БСТ B45 П5 F1300 W16;34
week;43423;43429;Ковпака Людмила Степановна;Янушко Анастасия Антониновна;1;837360;Раствор М100 Пк3;34
month;43435;43465;Ковпака Людмила Степановна;Янушко Анастасия Антониновна;5;2416368;БСТ B35 П5 F1300 W12;46
week;43444;43450;Ковпака Людмила Степановна;Янушко Анастасия Антониновна;2;542168;БСТ B30 П4 F1150 W10;46
week;43458;43464;Ковпака Людмила Степановна;Янушко Анастасия Антониновна;3;1874200;БСТ B35 П5 F1300 W12;40
week;43465;43471;Ковпака Людмила Степановна;Янушко Анастасия Антониновна;2;1267839;БСТ B30 П4 F1200 W10;46
month;43466;43496;Ковпака Людмила Степановна;Янушко Анастасия Антониновна;2;1267839;Мелкозернистый бетон БСМ B 7,5 П3,П4;46
month;43497;43524;Ковпака Людмила Степановна;Янушко Анастасия Антониновна;2;1973816;БСТ B45 П5 F1300 W16;56
week;43500;43506;Ковпака Людмила Степановна;Янушко Анастасия Антониновна;1;608894;БСТ B45 П5 F1300 W16;56
week;43507;43513;Ковпака Людмила Степановна;Янушко Анастасия Антониновна;1;1364922;БСТ B30 П4 F1200 W10;24
week;43584;43590;Ковпака Людмила Степановна;Янушко Анастасия Антониновна;1;50296;Пусковая смесь;42
month;43586;43616;Ковпака Людмила Степановна;Янушко Анастасия Антониновна;2;509404;Мелкозернистый бетон БСМ B22,5 П3,П4;42
week;43605;43611;Ковпака Людмила Степановна;Янушко Анастасия Антониновна;1;459108;Раствор кладочный М150 Пк3;9
month;43617;43646;Ковпака Людмила Степановна;Янушко Анастасия Антониновна;5;3387100;Фасовка;46
week;43619;43625;Ковпака Людмила Степановна;Янушко Анастасия Антониновна;1;507144;БСТ B20 П3,П4;13
week;43626;43632;Ковпака Людмила Степановна;Янушко Анастасия Антониновна;1;519476;БСТ B60 П5 F1300 W20;22
week;43633;43639;Ковпака Людмила Степановна;Янушко Анастасия Антониновна;1;1185672;БСТ B15 П3,П4;27
week;43640;43646;Ковпака Людмила Степановна;Янушко Анастасия Антониновна;2;1174808;БСТ B40 П5 F1300 W14;46
month;43647;43677;Ковпака Людмила Степановна;Янушко Анастасия Антониновна;6;3651285;Раствор кладочный М150 Пк3;50
week;43654;43660;Ковпака Людмила Степановна;Янушко Анастасия Антониновна;1;608025;Мелкозернистый бетон БСМ B15 П3,П4;21
week;43661;43667;Ковпака Людмила Степановна;Янушко Анастасия Антониновна;3;1565784;Мелкозернистый бетон БСМ B22,5 П3,П4;50
week;43668;43674;Ковпака Людмила Степановна;Янушко Анастасия Антониновна;2;1477476;БСТ B30 П4 F1200 W10;28
week;43675;43681;Ковпака Людмила Степановна;Янушко Анастасия Антониновна;1;915795;БСТ B60 П5 F1300 W20;41
month;43678;43708;Ковпака Людмила Степановна;Янушко Анастасия Антониновна;1;915795;БСТ B60 П5 F1300 W20;41
week;43738;43744;Ковпака Людмила Степановна;Янушко Анастасия Антониновна;1;507384;БСТ B35 П5 F1200 W12;8
month;43739;43769;Ковпака Людмила Степановна;Янушко Анастасия Антониновна;2;1429674;БСТ B50 П5 F1300 W18;42
week;43745;43751;Ковпака Людмила Степановна;Янушко Анастасия Антониновна;1;922290;БСТ B60 П5 F1300 W20;42
week;43766;43772;Ковпака Людмила Степановна;Янушко Анастасия Антониновна;1;492804;БСТ B30 П4 F1200 W10;17
month;43770;43799;Ковпака Людмила Степановна;Янушко Анастасия Антониновна;5;2064176;БСТ B30 П4 F1200 W10;79
week;43773;43779;Ковпака Людмила Степановна;Янушко Анастасия Антониновна;1;54449;БСТ B15 П3,П4;64
week;43780;43786;Ковпака Людмила Степановна;Янушко Анастасия Антониновна;1;547624;БСТ B45 П5 F1300 W16;27
week;43794;43800;Ковпака Людмила Степановна;Янушко Анастасия Антониновна;2;969299;БСТ B20 П3,П4;79
month;43800;43830;Ковпака Людмила Степановна;Янушко Анастасия Антониновна;1;531579;Мелкозернистый бетон БСМ B22,5 П3,П4;11
week;43815;43821;Ковпака Людмила Степановна;Янушко Анастасия Антониновна;1;531579;Мелкозернистый бетон БСМ B15 П3,П4;11
month;43831;43861;Ковпака Людмила Степановна;Янушко Анастасия Антониновна;1;709839;БСТ B40 П5 F1300 W14;17
week;43836;43842;Ковпака Людмила Степановна;Янушко Анастасия Антониновна;1;709839;БСТ B25 П4 F1150 W8;17
month;43862;43890;Ковпака Людмила Степановна;Янушко Анастасия Антониновна;1;1795832;БСТ B40 П5 F1300 W14;48
week;43864;43870;Ковпака Людмила Степановна;Янушко Анастасия Антониновна;1;1795832;БСТ B40 П5 F1300 W14;48
month;43405;43434;Кокоткин Аркадий Анатолиевич;Кокоткин Аркадий Анатолиевич;1;822564;БСТ B45 П5 F1300 W16;65
week;43416;43422;Кокоткин Аркадий Анатолиевич;Кокоткин Аркадий Анатолиевич;1;822564;БСТ B25 П4 F1200 W10;65
month;43435;43465;Кокоткин Аркадий Анатолиевич;Кокоткин Аркадий Анатолиевич;1;488592;БСТ B35 П5 F1300 W12;32
week;43437;43443;Кокоткин Аркадий Анатолиевич;Кокоткин Аркадий Анатолиевич;1;488592;БСТ B 7,5 П3,П4;32
month;43466;43496;Кокоткин Аркадий Анатолиевич;Кокоткин Аркадий Анатолиевич;2;851099;Мелкозернистый бетон БСМ B 7,5 П3,П4;43
week;43479;43485;Кокоткин Аркадий Анатолиевич;Кокоткин Аркадий Анатолиевич;1;811648;Пусковая смесь;43
week;43493;43499;Кокоткин Аркадий Анатолиевич;Кокоткин Аркадий Анатолиевич;2;822610;БСТ B20 П3,П4;41
month;43497;43524;Кокоткин Аркадий Анатолиевич;Кокоткин Аркадий Анатолиевич;1;783159;БСТ B45 П5 F1300 W16;41
month;43525;43555;Кокоткин Аркадий Анатолиевич;Кокоткин Аркадий Анатолиевич;3;573870;Мелкозернистый бетон БСМ B25 П3,П4;43
week;43528;43534;Кокоткин Аркадий Анатолиевич;Кокоткин Аркадий Анатолиевич;1;42185;Мелкозернистый бетон БСМ B15 П3,П4;30
week;43535;43541;Кокоткин Аркадий Анатолиевич;Кокоткин Аркадий Анатолиевич;1;480962;БСТ B12,5 П3,П4;8
week;43549;43555;Кокоткин Аркадий Анатолиевич;Кокоткин Аркадий Анатолиевич;1;50723;БСТ B35 П5 F1300 W12;43
month;43556;43585;Кокоткин Аркадий Анатолиевич;Кокоткин Аркадий Анатолиевич;2;1379248;БСТ B40 П5 F1300 W14;29
week;43577;43583;Кокоткин Аркадий Анатолиевич;Кокоткин Аркадий Анатолиевич;2;1379248;БСТ B25 П4 F1200 W10;29
week;43584;43590;Кокоткин Аркадий Анатолиевич;Кокоткин Аркадий Анатолиевич;1;921096;Пусковая смесь;32
month;43586;43616;Кокоткин Аркадий Анатолиевич;Кокоткин Аркадий Анатолиевич;6;4600508;Мелкозернистый бетон БСМ B22,5 П3,П4;50
week;43591;43597;Кокоткин Аркадий Анатолиевич;Кокоткин Аркадий Анатолиевич;2;1436192;Мелкозернистый бетон БСМ B22,5 П3,П4;50
week;43605;43611;Кокоткин Аркадий Анатолиевич;Кокоткин Аркадий Анатолиевич;3;2243220;Раствор кладочный М150 Пк3;49
month;43617;43646;Кокоткин Аркадий Анатолиевич;Кокоткин Аркадий Анатолиевич;2;1380084;Фасовка;13
week;43619;43625;Кокоткин Аркадий Анатолиевич;Кокоткин Аркадий Анатолиевич;1;788514;БСТ B20 П3,П4;13
week;43626;43632;Кокоткин Аркадий Анатолиевич;Кокоткин Аркадий Анатолиевич;1;591570;БСТ B60 П5 F1300 W20;5
week;43647;43653;Кокоткин Аркадий Анатолиевич;Кокоткин Аркадий Анатолиевич;2;1192090;Мелкозернистый бетон БСМ B 7,5 П3,П4;39
month;43647;43677;Кокоткин Аркадий Анатолиевич;Кокоткин Аркадий Анатолиевич;3;1773230;Раствор кладочный М150 Пк3;40
week;43654;43660;Кокоткин Аркадий Анатолиевич;Кокоткин Аркадий Анатолиевич;1;581140;Мелкозернистый бетон БСМ B15 П3,П4;40
month;43678;43708;Кокоткин Аркадий Анатолиевич;Кокоткин Аркадий Анатолиевич;2;701173;БСТ B60 П5 F1300 W20;47
week;43703;43709;Кокоткин Аркадий Анатолиевич;Кокоткин Аркадий Анатолиевич;2;701173;Формовка;47
month;43709;43738;Кокоткин Аркадий Анатолиевич;Кокоткин Аркадий Анатолиевич;4;3392762;Раствор М200 Пк3;50
week;43717;43723;Кокоткин Аркадий Анатолиевич;Кокоткин Аркадий Анатолиевич;1;599403;БСТ B35 П5 F1200 W12;19
week;43724;43730;Кокоткин Аркадий Анатолиевич;Кокоткин Аркадий Анатолиевич;2;1288743;Дегидрация;50
week;43731;43737;Кокоткин Аркадий Анатолиевич;Кокоткин Аркадий Анатолиевич;1;1504616;БСТ B40 П5 F1300 W14;24
week;43738;43744;Кокоткин Аркадий Анатолиевич;Кокоткин Аркадий Анатолиевич;2;1177518;БСТ B35 П5 F1200 W12;20
month;43739;43769;Кокоткин Аркадий Анатолиевич;Кокоткин Аркадий Анатолиевич;5;2683268;БСТ B50 П5 F1300 W18;46
week;43745;43751;Кокоткин Аркадий Анатолиевич;Кокоткин Аркадий Анатолиевич;1;48488;БСТ B60 П5 F1300 W20;46
week;43759;43765;Кокоткин Аркадий Анатолиевич;Кокоткин Аркадий Анатолиевич;2;1457262;Раствор кладочный М150 Пк3;23
month;43770;43799;Кокоткин Аркадий Анатолиевич;Кокоткин Аркадий Анатолиевич;3;1673460;БСТ B30 П4 F1200 W10;50
week;43773;43779;Кокоткин Аркадий Анатолиевич;Кокоткин Аркадий Анатолиевич;1;730365;БСТ B15 П3,П4;45
week;43787;43793;Кокоткин Аркадий Анатолиевич;Кокоткин Аркадий Анатолиевич;1;53280;БСТ B25 П4 F1200 W10;50
week;43794;43800;Кокоткин Аркадий Анатолиевич;Кокоткин Аркадий Анатолиевич;1;889815;БСТ B20 П3,П4;37
month;43800;43830;Кокоткин Аркадий Анатолиевич;Кокоткин Аркадий Анатолиевич;1;49018;Мелкозернистый бетон БСМ B22,5 П3,П4;38
week;43815;43821;Кокоткин Аркадий Анатолиевич;Кокоткин Аркадий Анатолиевич;1;49018;Мелкозернистый бетон БСМ B15 П3,П4;38
week;43857;43863;Кокоткин Аркадий Анатолиевич;Кокоткин Аркадий Анатолиевич;1;89056;Мелкозернистый бетон БСМ B22,5 П3,П4;14
month;43862;43890;Кокоткин Аркадий Анатолиевич;Кокоткин Аркадий Анатолиевич;1;89056;БСТ B40 П5 F1300 W14;14
week;43402;43408;Косма Ефросиния Тимуровна;Янушко Анастасия Антониновна;1;38771;БСТ B45 П5 F1300 W16;27
month;43405;43434;Косма Ефросиния Тимуровна;Янушко Анастасия Антониновна;1;38771;БСТ B45 П5 F1300 W16;27
month;43435;43465;Косма Ефросиния Тимуровна;Янушко Анастасия Антониновна;2;87154;БСТ B35 П5 F1300 W12;33
week;43437;43443;Косма Ефросиния Тимуровна;Янушко Анастасия Антониновна;1;47313;БСТ B 7,5 П3,П4;33
week;43451;43457;Косма Ефросиния Тимуровна;Янушко Анастасия Антониновна;1;39841;БСТ B30 П4 F1150 W10;22
month;43466;43496;Косма Ефросиния Тимуровна;Янушко Анастасия Антониновна;2;1350446;Мелкозернистый бетон БСМ B 7,5 П3,П4;56
week;43472;43478;Косма Ефросиния Тимуровна;Янушко Анастасия Антониновна;1;756610;БСТ B35 П5 F1300 W12;56
week;43486;43492;Косма Ефросиния Тимуровна;Янушко Анастасия Антониновна;1;593836;Мелкозернистый бетон БСМ B25 П3,П4;34
month;43497;43524;Косма Ефросиния Тимуровна;Янушко Анастасия Антониновна;2;1584987;БСТ B45 П5 F1300 W16;42
week;43514;43520;Косма Ефросиния Тимуровна;Янушко Анастасия Антониновна;1;863835;БСТ B60 П5 F1300 W20;42
week;43521;43527;Косма Ефросиния Тимуровна;Янушко Анастасия Антониновна;2;1413246;Раствор М100 Пк3;38
month;43525;43555;Косма Ефросиния Тимуровна;Янушко Анастасия Антониновна;1;692094;Мелкозернистый бетон БСМ B25 П3,П4;24
month;43556;43585;Косма Ефросиния Тимуровна;Янушко Анастасия Антониновна;5;2025739;БСТ B40 П5 F1300 W14;57
week;43556;43562;Косма Ефросиния Тимуровна;Янушко Анастасия Антониновна;1;39136;БСТ B40 П5 F1300 W14;28
week;43563;43569;Косма Ефросиния Тимуровна;Янушко Анастасия Антониновна;1;728625;БСТ B30 П4 F1150 W10;57
week;43577;43583;Косма Ефросиния Тимуровна;Янушко Анастасия Антониновна;3;1257978;БСТ B25 П4 F1200 W10;40
month;43586;43616;Косма Ефросиния Тимуровна;Янушко Анастасия Антониновна;1;49870;Мелкозернистый бетон БСМ B22,5 П3,П4;40
week;43591;43597;Косма Ефросиния Тимуровна;Янушко Анастасия Антониновна;1;49870;Мелкозернистый бетон БСМ B22,5 П3,П4;40
month;43647;43677;Косма Ефросиния Тимуровна;Янушко Анастасия Антониновна;1;493928;Раствор кладочный М150 Пк3;16
week;43668;43674;Косма Ефросиния Тимуровна;Янушко Анастасия Антониновна;1;493928;БСТ B30 П4 F1200 W10;16
month;43709;43738;Косма Ефросиния Тимуровна;Янушко Анастасия Антониновна;3;1566526;Раствор М200 Пк3;38
week;43717;43723;Косма Ефросиния Тимуровна;Янушко Анастасия Антониновна;1;572838;БСТ B35 П5 F1200 W12;38
week;43731;43737;Косма Ефросиния Тимуровна;Янушко Анастасия Антониновна;2;993688;БСТ B40 П5 F1300 W14;24
month;43739;43769;Косма Ефросиния Тимуровна;Янушко Анастасия Антониновна;1;54449;БСТ B50 П5 F1300 W18;64
week;43766;43772;Косма Ефросиния Тимуровна;Янушко Анастасия Антониновна;1;54449;БСТ B30 П4 F1200 W10;64
month;43770;43799;Косма Ефросиния Тимуровна;Янушко Анастасия Антониновна;1;571440;БСТ B30 П4 F1200 W10;20
week;43787;43793;Косма Ефросиния Тимуровна;Янушко Анастасия Антониновна;1;571440;БСТ B25 П4 F1200 W10;20
month;43800;43830;Косма Ефросиния Тимуровна;Янушко Анастасия Антониновна;2;723269;Мелкозернистый бетон БСМ B22,5 П3,П4;48
week;43801;43807;Косма Ефросиния Тимуровна;Янушко Анастасия Антониновна;1;674384;Раствор М150 Пк3;13
week;43822;43828;Косма Ефросиния Тимуровна;Янушко Анастасия Антониновна;1;48885;Раствор М150 Пк3;48
week;43829;43835;Косма Ефросиния Тимуровна;Янушко Анастасия Антониновна;1;569375;БСТ B30 П4 F1200 W10;25
month;43831;43861;Косма Ефросиния Тимуровна;Янушко Анастасия Антониновна;3;671846;БСТ B40 П5 F1300 W14;42
week;43843;43849;Косма Ефросиния Тимуровна;Янушко Анастасия Антониновна;1;53983;БСТ B30 П4 F1200 W10;42
week;43850;43856;Косма Ефросиния Тимуровна;Янушко Анастасия Антониновна;1;48488;БСТ B30 П4 F1150 W10;22
month;43862;43890;Косма Ефросиния Тимуровна;Янушко Анастасия Антониновна;3;2089943;БСТ B40 П5 F1300 W14;40
week;43864;43870;Косма Ефросиния Тимуровна;Янушко Анастасия Антониновна;2;1287473;БСТ B40 П5 F1300 W14;40
week;43871;43877;Косма Ефросиния Тимуровна;Янушко Анастасия Антониновна;1;802470;Мелкозернистый бетон БСМ B25 П3,П4;15
month;43435;43465;Коченкова Розалия Федоровна;Коченкова Розалия Федоровна;2;2113503;БСТ B35 П5 F1300 W12;50
week;43451;43457;Коченкова Розалия Федоровна;Коченкова Розалия Федоровна;1;1306592;БСТ B30 П4 F1150 W10;29
week;43458;43464;Коченкова Розалия Федоровна;Коченкова Розалия Федоровна;1;806911;БСТ B35 П5 F1300 W12;50
month;43466;43496;Коченкова Розалия Федоровна;Коченкова Розалия Федоровна;2;2084710;Мелкозернистый бетон БСМ B 7,5 П3,П4;58
week;43479;43485;Коченкова Розалия Федоровна;Коченкова Розалия Федоровна;1;617410;Пусковая смесь;58
week;43493;43499;Коченкова Розалия Федоровна;Коченкова Розалия Федоровна;1;1467300;БСТ B20 П3,П4;58
month;43497;43524;Коченкова Розалия Федоровна;Коченкова Розалия Федоровна;2;1382803;БСТ B45 П5 F1300 W16;29
week;43507;43513;Коченкова Розалия Федоровна;Коченкова Розалия Федоровна;1;624428;БСТ B30 П4 F1200 W10;20
week;43514;43520;Коченкова Розалия Федоровна;Коченкова Розалия Федоровна;1;758375;БСТ B60 П5 F1300 W20;29
month;43525;43555;Коченкова Розалия Федоровна;Коченкова Розалия Федоровна;3;1680456;Мелкозернистый бетон БСМ B25 П3,П4;44
week;43528;43534;Коченкова Розалия Федоровна;Коченкова Розалия Федоровна;1;581140;Мелкозернистый бетон БСМ B15 П3,П4;42
week;43542;43548;Коченкова Розалия Федоровна;Коченкова Розалия Федоровна;2;1099316;Мелкозернистый бетон БСМ B25 П3,П4;44
week;43556;43562;Коченкова Розалия Федоровна;Коченкова Розалия Федоровна;2;2188194;БСТ B40 П5 F1300 W14;28
month;43556;43585;Коченкова Розалия Федоровна;Коченкова Розалия Федоровна;5;4400226;БСТ B40 П5 F1300 W14;58
week;43570;43576;Коченкова Розалия Федоровна;Коченкова Розалия Федоровна;2;1389468;БСТ B30 П4 F1200 W10;54
week;43577;43583;Коченкова Розалия Федоровна;Коченкова Розалия Федоровна;1;822564;БСТ B25 П4 F1200 W10;58
month;43586;43616;Коченкова Розалия Федоровна;Коченкова Розалия Федоровна;1;734958;Мелкозернистый бетон БСМ B22,5 П3,П4;26
week;43605;43611;Коченкова Розалия Федоровна;Коченкова Розалия Федоровна;1;734958;Раствор кладочный М150 Пк3;26
month;43617;43646;Коченкова Розалия Федоровна;Коченкова Розалия Федоровна;1;50941;Фасовка;61
week;43633;43639;Коченкова Розалия Федоровна;Коченкова Розалия Федоровна;1;50941;БСТ B15 П3,П4;61
month;43647;43677;Коченкова Розалия Федоровна;Коченкова Розалия Федоровна;1;498399;Раствор кладочный М150 Пк3;21
week;43647;43653;Коченкова Розалия Федоровна;Коченкова Розалия Федоровна;1;498399;Мелкозернистый бетон БСМ B 7,5 П3,П4;21
month;43678;43708;Коченкова Розалия Федоровна;Коченкова Розалия Федоровна;2;523549;БСТ B60 П5 F1300 W20;70
week;43696;43702;Коченкова Розалия Федоровна;Коченкова Розалия Федоровна;1;469566;БСТ B45 П5 F1300 W16;14
week;43703;43709;Коченкова Розалия Федоровна;Коченкова Розалия Федоровна;1;53983;Формовка;70
month;43709;43738;Коченкова Розалия Федоровна;Коченкова Розалия Федоровна;1;686440;Раствор М200 Пк3;31
week;43710;43716;Коченкова Розалия Федоровна;Коченкова Розалия Федоровна;1;686440;БСТ B25 П4 F1150 W8;31
month;43739;43769;Коченкова Розалия Федоровна;Коченкова Розалия Федоровна;5;2888935;БСТ B50 П5 F1300 W18;62
week;43745;43751;Коченкова Розалия Федоровна;Коченкова Розалия Федоровна;1;823584;БСТ B60 П5 F1300 W20;38
week;43752;43758;Коченкова Розалия Федоровна;Коченкова Розалия Федоровна;1;713328;БСТ B30 П4 F1150 W10;12
week;43759;43765;Коченкова Розалия Федоровна;Коченкова Розалия Федоровна;1;52731;Раствор кладочный М150 Пк3;62
week;43766;43772;Коченкова Розалия Федоровна;Коченкова Розалия Федоровна;2;1299292;БСТ B30 П4 F1200 W10;46
month;43800;43830;Коченкова Розалия Федоровна;Коченкова Розалия Федоровна;1;745476;Мелкозернистый бетон БСМ B22,5 П3,П4;48
week;43801;43807;Коченкова Розалия Федоровна;Коченкова Розалия Федоровна;1;745476;Раствор М150 Пк3;48
week;43829;43835;Коченкова Розалия Федоровна;Коченкова Розалия Федоровна;1;592950;БСТ B30 П4 F1200 W10;18
month;43831;43861;Коченкова Розалия Федоровна;Коченкова Розалия Федоровна;2;1100094;БСТ B40 П5 F1300 W14;18
week;43836;43842;Коченкова Розалия Федоровна;Коченкова Розалия Федоровна;1;507144;БСТ B25 П4 F1150 W8;13
month;43405;43434;Крыжов Дмитрий Прокофиевич;Янушко Анастасия Антониновна;1;638928;БСТ B45 П5 F1300 W16;57
week;43409;43415;Крыжов Дмитрий Прокофиевич;Янушко Анастасия Антониновна;1;638928;Формовка;57
month;43435;43465;Крыжов Дмитрий Прокофиевич;Янушко Анастасия Антониновна;3;1886348;БСТ B35 П5 F1300 W12;60
week;43437;43443;Крыжов Дмитрий Прокофиевич;Янушко Анастасия Антониновна;1;448448;БСТ B 7,5 П3,П4;16
week;43451;43457;Крыжов Дмитрий Прокофиевич;Янушко Анастасия Антониновна;1;895200;БСТ B30 П4 F1150 W10;60
week;43458;43464;Крыжов Дмитрий Прокофиевич;Янушко Анастасия Антониновна;1;542700;БСТ B35 П5 F1300 W12;25
week;43465;43471;Крыжов Дмитрий Прокофиевич;Янушко Анастасия Антониновна;1;678340;БСТ B30 П4 F1200 W10;40
month;43466;43496;Крыжов Дмитрий Прокофиевич;Янушко Анастасия Антониновна;4;1842662;Мелкозернистый бетон БСМ B 7,5 П3,П4;72
week;43479;43485;Крыжов Дмитрий Прокофиевич;Янушко Анастасия Антониновна;2;1108466;Пусковая смесь;10
week;43486;43492;Крыжов Дмитрий Прокофиевич;Янушко Анастасия Антониновна;1;55856;Мелкозернистый бетон БСМ B25 П3,П4;72
month;43497;43524;Крыжов Дмитрий Прокофиевич;Янушко Анастасия Антониновна;1;59616;БСТ B45 П5 F1300 W16;80
week;43500;43506;Крыжов Дмитрий Прокофиевич;Янушко Анастасия Антониновна;1;59616;БСТ B45 П5 F1300 W16;80
month;43525;43555;Крыжов Дмитрий Прокофиевич;Янушко Анастасия Антониновна;5;2118640;Мелкозернистый бетон БСМ B25 П3,П4;75
week;43528;43534;Крыжов Дмитрий Прокофиевич;Янушко Анастасия Антониновна;2;643317;Мелкозернистый бетон БСМ B15 П3,П4;75
week;43535;43541;Крыжов Дмитрий Прокофиевич;Янушко Анастасия Антониновна;1;39917;БСТ B12,5 П3,П4;26
week;43542;43548;Крыжов Дмитрий Прокофиевич;Янушко Анастасия Антониновна;1;670460;Мелкозернистый бетон БСМ B25 П3,П4;51
week;43549;43555;Крыжов Дмитрий Прокофиевич;Янушко Анастасия Антониновна;1;764946;БСТ B35 П5 F1300 W12;38
month;43556;43585;Крыжов Дмитрий Прокофиевич;Янушко Анастасия Антониновна;1;637296;БСТ B40 П5 F1300 W14;55
week;43563;43569;Крыжов Дмитрий Прокофиевич;Янушко Анастасия Антониновна;1;637296;БСТ B30 П4 F1150 W10;55
month;43586;43616;Крыжов Дмитрий Прокофиевич;Янушко Анастасия Антониновна;3;1908569;Мелкозернистый бетон БСМ B22,5 П3,П4;42
week;43591;43597;Крыжов Дмитрий Прокофиевич;Янушко Анастасия Антониновна;1;531351;Мелкозернистый бетон БСМ B22,5 П3,П4;29
week;43598;43604;Крыжов Дмитрий Прокофиевич;Янушко Анастасия Антониновна;1;589442;БСТ B25 П4 F1200 W10;42
week;43605;43611;Крыжов Дмитрий Прокофиевич;Янушко Анастасия Антониновна;1;787776;Раствор кладочный М150 Пк3;32
month;43647;43677;Крыжов Дмитрий Прокофиевич;Янушко Анастасия Антониновна;4;2014273;Раствор кладочный М150 Пк3;45
week;43647;43653;Крыжов Дмитрий Прокофиевич;Янушко Анастасия Антониновна;1;540270;Мелкозернистый бетон БСМ B 7,5 П3,П4;15
week;43654;43660;Крыжов Дмитрий Прокофиевич;Янушко Анастасия Антониновна;1;547624;Мелкозернистый бетон БСМ B15 П3,П4;27
week;43661;43667;Крыжов Дмитрий Прокофиевич;Янушко Анастасия Антониновна;1;80594;Мелкозернистый бетон БСМ B22,5 П3,П4;27
week;43668;43674;Крыжов Дмитрий Прокофиевич;Янушко Анастасия Антониновна;1;845785;БСТ B30 П4 F1200 W10;45
month;43678;43708;Крыжов Дмитрий Прокофиевич;Янушко Анастасия Антониновна;2;2340154;БСТ B60 П5 F1300 W20;25
week;43689;43695;Крыжов Дмитрий Прокофиевич;Янушко Анастасия Антониновна;1;1516750;БСТ B35 П5 F1300 W12;25
week;43696;43702;Крыжов Дмитрий Прокофиевич;Янушко Анастасия Антониновна;1;823404;БСТ B45 П5 F1300 W16;18
month;43709;43738;Крыжов Дмитрий Прокофиевич;Янушко Анастасия Антониновна;3;1754660;Раствор М200 Пк3;75
week;43710;43716;Крыжов Дмитрий Прокофиевич;Янушко Анастасия Антониновна;1;1239102;БСТ B25 П4 F1150 W8;23
week;43724;43730;Крыжов Дмитрий Прокофиевич;Янушко Анастасия Антониновна;1;460055;Дегидрация;1
week;43731;43737;Крыжов Дмитрий Прокофиевич;Янушко Анастасия Антониновна;1;55503;БСТ B40 П5 F1300 W14;75
week;43738;43744;Крыжов Дмитрий Прокофиевич;Янушко Анастасия Антониновна;1;644736;БСТ B35 П5 F1200 W12;28
month;43739;43769;Крыжов Дмитрий Прокофиевич;Янушко Анастасия Антониновна;2;1209039;БСТ B50 П5 F1300 W18;37
week;43759;43765;Крыжов Дмитрий Прокофиевич;Янушко Анастасия Антониновна;1;564303;Раствор кладочный М150 Пк3;37
week;43766;43772;Крыжов Дмитрий Прокофиевич;Янушко Анастасия Антониновна;1;712640;БСТ B30 П4 F1200 W10;36
month;43770;43799;Крыжов Дмитрий Прокофиевич;Янушко Анастасия Антониновна;3;1956121;БСТ B30 П4 F1200 W10;78
week;43773;43779;Крыжов Дмитрий Прокофиевич;Янушко Анастасия Антониновна;1;1185672;БСТ B15 П3,П4;27
week;43780;43786;Крыжов Дмитрий Прокофиевич;Янушко Анастасия Антониновна;1;57809;БСТ B45 П5 F1300 W16;78
week;43794;43800;Крыжов Дмитрий Прокофиевич;Янушко Анастасия Антониновна;1;522001;БСТ B20 П3,П4;9
month;43800;43830;Крыжов Дмитрий Прокофиевич;Янушко Анастасия Антониновна;8;5311016;Мелкозернистый бетон БСМ B22,5 П3,П4;55
week;43801;43807;Крыжов Дмитрий Прокофиевич;Янушко Анастасия Антониновна;4;2698804;Раствор М150 Пк3;42
week;43808;43814;Крыжов Дмитрий Прокофиевич;Янушко Анастасия Антониновна;1;1647168;БСТ B45 П5 F1300 W16;38
week;43815;43821;Крыжов Дмитрий Прокофиевич;Янушко Анастасия Антониновна;1;394002;Мелкозернистый бетон БСМ B15 П3,П4;6
week;43822;43828;Крыжов Дмитрий Прокофиевич;Янушко Анастасия Антониновна;1;49041;Раствор М150 Пк3;55
month;43831;43861;Крыжов Дмитрий Прокофиевич;Янушко Анастасия Антониновна;1;457776;БСТ B40 П5 F1300 W14;2
week;43857;43863;Крыжов Дмитрий Прокофиевич;Янушко Анастасия Антониновна;1;457776;Мелкозернистый бетон БСМ B22,5 П3,П4;2
week;43402;43408;Лашкина Инесса Святославовна;Коченкова Розалия Федоровна;1;592836;БСТ B45 П5 F1300 W16;43
month;43405;43434;Лашкина Инесса Святославовна;Коченкова Розалия Федоровна;5;2473620;БСТ B45 П5 F1300 W16;70
week;43409;43415;Лашкина Инесса Святославовна;Коченкова Розалия Федоровна;1;518994;Формовка;31
week;43423;43429;Лашкина Инесса Святославовна;Коченкова Розалия Федоровна;2;1323751;Раствор М100 Пк3;70
week;43430;43436;Лашкина Инесса Святославовна;Коченкова Розалия Федоровна;1;38039;БСТ B50 П5 F1300 W18;25
week;43465;43471;Лашкина Инесса Святославовна;Коченкова Розалия Федоровна;2;692564;БСТ B30 П4 F1200 W10;48
month;43466;43496;Лашкина Инесса Святославовна;Коченкова Розалия Федоровна;4;1346764;Мелкозернистый бетон БСМ B 7,5 П3,П4;48
week;43472;43478;Лашкина Инесса Святославовна;Коченкова Розалия Федоровна;1;93520;БСТ B35 П5 F1300 W12;48
week;43486;43492;Лашкина Инесса Святославовна;Коченкова Розалия Федоровна;1;560680;Мелкозернистый бетон БСМ B25 П3,П4;12
month;43497;43524;Лашкина Инесса Святославовна;Коченкова Розалия Федоровна;1;663300;БСТ B45 П5 F1300 W16;43
week;43521;43527;Лашкина Инесса Святославовна;Коченкова Розалия Федоровна;2;1301876;Раствор М100 Пк3;43
month;43525;43555;Лашкина Инесса Святославовна;Коченкова Розалия Федоровна;1;638576;Мелкозернистый бетон БСМ B25 П3,П4;12
week;43556;43562;Лашкина Инесса Святославовна;Коченкова Розалия Федоровна;1;583040;БСТ B40 П5 F1300 W14;40
month;43556;43585;Лашкина Инесса Святославовна;Коченкова Розалия Федоровна;4;1956253;БСТ B40 П5 F1300 W14;44
week;43563;43569;Лашкина Инесса Святославовна;Коченкова Розалия Федоровна;1;45619;БСТ B30 П4 F1150 W10;44
week;43570;43576;Лашкина Инесса Святославовна;Коченкова Розалия Федоровна;1;703772;БСТ B30 П4 F1200 W10;20
week;43577;43583;Лашкина Инесса Святославовна;Коченкова Розалия Федоровна;1;623822;БСТ B25 П4 F1200 W10;40
month;43586;43616;Лашкина Инесса Святославовна;Коченкова Розалия Федоровна;1;480168;Мелкозернистый бетон БСМ B22,5 П3,П4;14
week;43612;43618;Лашкина Инесса Святославовна;Коченкова Розалия Федоровна;1;480168;БСТ B40 П5 F1300 W14;14
month;43647;43677;Лашкина Инесса Святославовна;Коченкова Розалия Федоровна;3;1698889;Раствор кладочный М150 Пк3;51
week;43661;43667;Лашкина Инесса Святославовна;Коченкова Розалия Федоровна;1;983880;Мелкозернистый бетон БСМ B22,5 П3,П4;8
week;43668;43674;Лашкина Инесса Святославовна;Коченкова Розалия Федоровна;2;715009;БСТ B30 П4 F1200 W10;51
month;43709;43738;Лашкина Инесса Святославовна;Коченкова Розалия Федоровна;4;1823316;Раствор М200 Пк3;80
week;43717;43723;Лашкина Инесса Святославовна;Коченкова Розалия Федоровна;2;561108;БСТ B35 П5 F1200 W12;80
week;43731;43737;Лашкина Инесса Святославовна;Коченкова Розалия Федоровна;1;809448;БСТ B40 П5 F1300 W14;16
week;43738;43744;Лашкина Инесса Святославовна;Коченкова Розалия Федоровна;2;917385;БСТ B35 П5 F1200 W12;25
month;43739;43769;Лашкина Инесса Святославовна;Коченкова Розалия Федоровна;5;3274363;БСТ B50 П5 F1300 W18;39
week;43745;43751;Лашкина Инесса Святославовна;Коченкова Розалия Федоровна;2;1556992;БСТ B60 П5 F1300 W20;39
week;43759;43765;Лашкина Инесса Святославовна;Коченкова Розалия Федоровна;1;777018;Раствор кладочный М150 Пк3;22
week;43766;43772;Лашкина Инесса Святославовна;Коченкова Розалия Федоровна;1;475728;БСТ B30 П4 F1200 W10;6
month;43770;43799;Лашкина Инесса Святославовна;Коченкова Розалия Федоровна;5;4014479;БСТ B30 П4 F1200 W10;23
week;43780;43786;Лашкина Инесса Святославовна;Коченкова Розалия Федоровна;1;1168832;БСТ B45 П5 F1300 W16;12
week;43787;43793;Лашкина Инесса Святославовна;Коченкова Розалия Федоровна;3;2339010;БСТ B25 П4 F1200 W10;12
week;43794;43800;Лашкина Инесса Святославовна;Коченкова Розалия Федоровна;1;506637;БСТ B20 П3,П4;23
month;43800;43830;Лашкина Инесса Святославовна;Коченкова Розалия Федоровна;4;2008468;Мелкозернистый бетон БСМ B22,5 П3,П4;63
week;43801;43807;Лашкина Инесса Святославовна;Коченкова Розалия Федоровна;1;584898;Раствор М150 Пк3;42
week;43808;43814;Лашкина Инесса Святославовна;Коченкова Розалия Федоровна;1;672192;БСТ B45 П5 F1300 W16;44
week;43815;43821;Лашкина Инесса Святославовна;Коченкова Розалия Федоровна;1;53122;Мелкозернистый бетон БСМ B15 П3,П4;63
week;43822;43828;Лашкина Инесса Святославовна;Коченкова Розалия Федоровна;1;698256;Раствор М150 Пк3;17
month;43831;43861;Лашкина Инесса Святославовна;Коченкова Розалия Федоровна;1;682461;БСТ B40 П5 F1300 W14;17
week;43850;43856;Лашкина Инесса Святославовна;Коченкова Розалия Федоровна;1;682461;БСТ B30 П4 F1150 W10;17
month;43405;43434;Пряхина Александра Мефодиевна;Коченкова Розалия Федоровна;1;695252;БСТ B45 П5 F1300 W16;61
week;43409;43415;Пряхина Александра Мефодиевна;Коченкова Розалия Федоровна;1;695252;Формовка;61
month;43435;43465;Пряхина Александра Мефодиевна;Коченкова Розалия Федоровна;1;95830;БСТ B35 П5 F1300 W12;57
week;43444;43450;Пряхина Александра Мефодиевна;Коченкова Розалия Федоровна;1;95830;БСТ B30 П4 F1150 W10;57
month;43466;43496;Пряхина Александра Мефодиевна;Коченкова Розалия Федоровна;1;570572;Мелкозернистый бетон БСМ B 7,5 П3,П4;46
week;43472;43478;Пряхина Александра Мефодиевна;Коченкова Розалия Федоровна;1;570572;БСТ B35 П5 F1300 W12;46
month;43497;43524;Пряхина Александра Мефодиевна;Коченкова Розалия Федоровна;2;1376205;БСТ B45 П5 F1300 W16;42
week;43514;43520;Пряхина Александра Мефодиевна;Коченкова Розалия Федоровна;1;837246;БСТ B60 П5 F1300 W20;42
week;43521;43527;Пряхина Александра Мефодиевна;Коченкова Розалия Федоровна;1;538959;Раствор М100 Пк3;12
month;43525;43555;Пряхина Александра Мефодиевна;Коченкова Розалия Федоровна;1;544968;Мелкозернистый бетон БСМ B25 П3,П4;25
week;43542;43548;Пряхина Александра Мефодиевна;Коченкова Розалия Федоровна;1;544968;Мелкозернистый бетон БСМ B25 П3,П4;25
month;43556;43585;Пряхина Александра Мефодиевна;Коченкова Розалия Федоровна;1;1747296;БСТ B40 П5 F1300 W14;48
week;43556;43562;Пряхина Александра Мефодиевна;Коченкова Розалия Федоровна;1;1747296;БСТ B40 П5 F1300 W14;48
week;43584;43590;Пряхина Александра Мефодиевна;Коченкова Розалия Федоровна;1;758375;Пусковая смесь;25
month;43586;43616;Пряхина Александра Мефодиевна;Коченкова Розалия Федоровна;5;3006392;Мелкозернистый бетон БСМ B22,5 П3,П4;46
week;43591;43597;Пряхина Александра Мефодиевна;Коченкова Розалия Федоровна;1;707400;Мелкозернистый бетон БСМ B22,5 П3,П4;35
week;43605;43611;Пряхина Александра Мефодиевна;Коченкова Розалия Федоровна;2;654835;Раствор кладочный М150 Пк3;25
week;43612;43618;Пряхина Александра Мефодиевна;Коченкова Розалия Федоровна;1;885782;БСТ B40 П5 F1300 W14;46
month;43617;43646;Пряхина Александра Мефодиевна;Коченкова Розалия Федоровна;6;1798015;Фасовка;60
week;43619;43625;Пряхина Александра Мефодиевна;Коченкова Розалия Федоровна;2;92759;БСТ B20 П3,П4;60
week;43626;43632;Пряхина Александра Мефодиевна;Коченкова Розалия Федоровна;2;565208;БСТ B60 П5 F1300 W20;31
week;43640;43646;Пряхина Александра Мефодиевна;Коченкова Розалия Федоровна;2;1140048;БСТ B40 П5 F1300 W14;33
month;43647;43677;Пряхина Александра Мефодиевна;Коченкова Розалия Федоровна;2;656984;Раствор кладочный М150 Пк3;57
week;43668;43674;Пряхина Александра Мефодиевна;Коченкова Розалия Федоровна;2;656984;БСТ B30 П4 F1200 W10;57
month;43678;43708;Пряхина Александра Мефодиевна;Коченкова Розалия Федоровна;1;1821534;БСТ B60 П5 F1300 W20;43
week;43703;43709;Пряхина Александра Мефодиевна;Коченкова Розалия Федоровна;2;1877798;Формовка;58
month;43709;43738;Пряхина Александра Мефодиевна;Коченкова Розалия Федоровна;4;1557097;Раствор М200 Пк3;76
week;43710;43716;Пряхина Александра Мефодиевна;Коченкова Розалия Федоровна;1;758290;БСТ B25 П4 F1150 W8;30
week;43717;43723;Пряхина Александра Мефодиевна;Коченкова Розалия Федоровна;1;688776;БСТ B35 П5 F1200 W12;32
week;43731;43737;Пряхина Александра Мефодиевна;Коченкова Розалия Федоровна;1;53767;БСТ B40 П5 F1300 W14;76
week;43738;43744;Пряхина Александра Мефодиевна;Коченкова Розалия Федоровна;1;777492;БСТ B35 П5 F1200 W12;38
month;43739;43769;Пряхина Александра Мефодиевна;Коченкова Розалия Федоровна;4;3118644;БСТ B50 П5 F1300 W18;49
week;43752;43758;Пряхина Александра Мефодиевна;Коченкова Розалия Федоровна;2;1272192;БСТ B30 П4 F1150 W10;49
week;43766;43772;Пряхина Александра Мефодиевна;Коченкова Розалия Федоровна;2;1677163;БСТ B30 П4 F1200 W10;27
month;43770;43799;Пряхина Александра Мефодиевна;Коченкова Розалия Федоровна;3;1912051;БСТ B30 П4 F1200 W10;35
week;43787;43793;Пряхина Александра Мефодиевна;Коченкова Розалия Федоровна;1;805680;БСТ B25 П4 F1200 W10;35
week;43794;43800;Пряхина Александра Мефодиевна;Коченкова Розалия Федоровна;1;498168;БСТ B20 П3,П4;11
month;43800;43830;Пряхина Александра Мефодиевна;Коченкова Розалия Федоровна;1;514296;Мелкозернистый бетон БСМ B22,5 П3,П4;8
week;43815;43821;Пряхина Александра Мефодиевна;Коченкова Розалия Федоровна;1;514296;Мелкозернистый бетон БСМ B15 П3,П4;8
month;43831;43861;Пряхина Александра Мефодиевна;Коченкова Розалия Федоровна;1;457191;БСТ B40 П5 F1300 W14;23
week;43850;43856;Пряхина Александра Мефодиевна;Коченкова Розалия Федоровна;1;457191;БСТ B30 П4 F1150 W10;23
month;43862;43890;Пряхина Александра Мефодиевна;Коченкова Розалия Федоровна;1;619060;БСТ B40 П5 F1300 W14;30
week;43871;43877;Пряхина Александра Мефодиевна;Коченкова Розалия Федоровна;1;619060;Мелкозернистый бетон БСМ B25 П3,П4;30
month;43405;43434;Путина Юлия Петровна;Янушко Анастасия Антониновна;2;589228;БСТ B45 П5 F1300 W16;55
week;43430;43436;Путина Юлия Петровна;Янушко Анастасия Антониновна;2;589228;БСТ B50 П5 F1300 W18;55
month;43435;43465;Путина Юлия Петровна;Янушко Анастасия Антониновна;2;1297268;БСТ B35 П5 F1300 W12;71
week;43444;43450;Путина Юлия Петровна;Янушко Анастасия Антониновна;1;807450;БСТ B30 П4 F1150 W10;71
week;43451;43457;Путина Юлия Петровна;Янушко Анастасия Антониновна;1;489818;БСТ B30 П4 F1150 W10;24
month;43466;43496;Путина Юлия Петровна;Янушко Анастасия Антониновна;3;2554019;Мелкозернистый бетон БСМ B 7,5 П3,П4;45
week;43479;43485;Путина Юлия Петровна;Янушко Анастасия Антониновна;1;754956;Пусковая смесь;45
week;43486;43492;Путина Юлия Петровна;Янушко Анастасия Антониновна;2;1799063;Мелкозернистый бетон БСМ B25 П3,П4;32
week;43493;43499;Путина Юлия Петровна;Янушко Анастасия Антониновна;1;641630;БСТ B20 П3,П4;17
month;43497;43524;Путина Юлия Петровна;Янушко Анастасия Антониновна;1;641630;БСТ B45 П5 F1300 W16;17
month;43525;43555;Путина Юлия Петровна;Янушко Анастасия Антониновна;1;564820;Мелкозернистый бетон БСМ B25 П3,П4;35
week;43542;43548;Путина Юлия Петровна;Янушко Анастасия Антониновна;1;564820;Мелкозернистый бетон БСМ B25 П3,П4;35
month;43556;43585;Путина Юлия Петровна;Янушко Анастасия Антониновна;2;1425600;БСТ B40 П5 F1300 W14;49
week;43556;43562;Путина Юлия Петровна;Янушко Анастасия Антониновна;1;610368;БСТ B40 П5 F1300 W14;49
week;43577;43583;Путина Юлия Петровна;Янушко Анастасия Антониновна;1;815232;БСТ B25 П4 F1200 W10;36
month;43586;43616;Путина Юлия Петровна;Янушко Анастасия Антониновна;1;627359;Мелкозернистый бетон БСМ B22,5 П3,П4;31
week;43591;43597;Путина Юлия Петровна;Янушко Анастасия Антониновна;1;627359;Мелкозернистый бетон БСМ B22,5 П3,П4;31
month;43617;43646;Путина Юлия Петровна;Янушко Анастасия Антониновна;1;629964;Фасовка;8
week;43640;43646;Путина Юлия Петровна;Янушко Анастасия Антониновна;1;629964;БСТ B40 П5 F1300 W14;8
month;43647;43677;Путина Юлия Петровна;Янушко Анастасия Антониновна;2;1350715;Раствор кладочный М150 Пк3;24
week;43661;43667;Путина Юлия Петровна;Янушко Анастасия Антониновна;2;1350715;Мелкозернистый бетон БСМ B22,5 П3,П4;24
week;43703;43709;Путина Юлия Петровна;Янушко Анастасия Антониновна;1;570598;Формовка;6
month;43709;43738;Путина Юлия Петровна;Янушко Анастасия Антониновна;1;570598;Раствор М200 Пк3;6
week;43738;43744;Путина Юлия Петровна;Янушко Анастасия Антониновна;2;821131;БСТ B35 П5 F1200 W12;26
month;43739;43769;Путина Юлия Петровна;Янушко Анастасия Антониновна;4;2055767;БСТ B50 П5 F1300 W18;46
week;43752;43758;Путина Юлия Петровна;Янушко Анастасия Антониновна;1;628590;БСТ B30 П4 F1150 W10;38
week;43766;43772;Путина Юлия Петровна;Янушко Анастасия Антониновна;1;606046;БСТ B30 П4 F1200 W10;46
month;43770;43799;Путина Юлия Петровна;Янушко Анастасия Антониновна;3;1242074;БСТ B30 П4 F1200 W10;49
week;43773;43779;Путина Юлия Петровна;Янушко Анастасия Антониновна;2;599586;БСТ B15 П3,П4;37
week;43780;43786;Путина Юлия Петровна;Янушко Анастасия Антониновна;1;642488;БСТ B45 П5 F1300 W16;49
week;43794;43800;Путина Юлия Петровна;Янушко Анастасия Антониновна;1;1306500;БСТ B20 П3,П4;30
month;43800;43830;Путина Юлия Петровна;Янушко Анастасия Антониновна;2;1858583;Мелкозернистый бетон БСМ B22,5 П3,П4;33
week;43815;43821;Путина Юлия Петровна;Янушко Анастасия Антониновна;1;552083;Мелкозернистый бетон БСМ B15 П3,П4;33
month;43831;43861;Путина Юлия Петровна;Янушко Анастасия Антониновна;2;664949;БСТ B40 П5 F1300 W14;46
week;43836;43842;Путина Юлия Петровна;Янушко Анастасия Антониновна;2;664949;БСТ B25 П4 F1150 W8;46
month;43405;43434;Розенбаха Агния Давидовна;Касатый Ника Федотовна;1;910767;БСТ B45 П5 F1300 W16;58
week;43430;43436;Розенбаха Агния Давидовна;Касатый Ника Федотовна;1;910767;БСТ B50 П5 F1300 W18;58
month;43466;43496;Розенбаха Агния Давидовна;Касатый Ника Федотовна;1;468342;Мелкозернистый бетон БСМ B 7,5 П3,П4;29
week;43486;43492;Розенбаха Агния Давидовна;Касатый Ника Федотовна;1;468342;Мелкозернистый бетон БСМ B25 П3,П4;29
month;43497;43524;Розенбаха Агния Давидовна;Касатый Ника Федотовна;1;56039;БСТ B45 П5 F1300 W16;69
week;43507;43513;Розенбаха Агния Давидовна;Касатый Ника Федотовна;1;56039;БСТ B30 П4 F1200 W10;69
month;43525;43555;Розенбаха Агния Давидовна;Касатый Ника Федотовна;2;1170324;Мелкозернистый бетон БСМ B25 П3,П4;25
week;43528;43534;Розенбаха Агния Давидовна;Касатый Ника Федотовна;1;653544;Мелкозернистый бетон БСМ B15 П3,П4;25
week;43535;43541;Розенбаха Агния Давидовна;Касатый Ника Федотовна;1;516780;БСТ B12,5 П3,П4;18
month;43556;43585;Розенбаха Агния Давидовна;Касатый Ника Федотовна;4;1982258;БСТ B40 П5 F1300 W14;76
week;43563;43569;Розенбаха Агния Давидовна;Касатый Ника Федотовна;2;1345371;БСТ B30 П4 F1150 W10;53
week;43570;43576;Розенбаха Агния Давидовна;Касатый Ника Федотовна;1;579469;БСТ B30 П4 F1200 W10;31
week;43577;43583;Розенбаха Агния Давидовна;Касатый Ника Федотовна;1;57418;БСТ B25 П4 F1200 W10;76
month;43617;43646;Розенбаха Агния Давидовна;Касатый Ника Федотовна;3;1784987;Фасовка;45
week;43626;43632;Розенбаха Агния Давидовна;Касатый Ника Федотовна;1;41437;БСТ B60 П5 F1300 W20;31
week;43633;43639;Розенбаха Агния Давидовна;Касатый Ника Федотовна;1;863835;БСТ B15 П3,П4;33
week;43640;43646;Розенбаха Агния Давидовна;Касатый Ника Федотовна;1;879715;БСТ B40 П5 F1300 W14;45
month;43647;43677;Розенбаха Агния Давидовна;Касатый Ника Федотовна;4;2372913;Раствор кладочный М150 Пк3;45
week;43661;43667;Розенбаха Агния Давидовна;Касатый Ника Федотовна;3;1760146;Мелкозернистый бетон БСМ B22,5 П3,П4;45
week;43668;43674;Розенбаха Агния Давидовна;Касатый Ника Федотовна;1;612767;БСТ B30 П4 F1200 W10;1
week;43675;43681;Розенбаха Агния Давидовна;Касатый Ника Федотовна;1;681714;БСТ B60 П5 F1300 W20;21
month;43678;43708;Розенбаха Агния Давидовна;Касатый Ника Федотовна;3;3348939;БСТ B60 П5 F1300 W20;50
week;43689;43695;Розенбаха Агния Давидовна;Касатый Ника Федотовна;1;876825;БСТ B35 П5 F1300 W12;35
week;43696;43702;Розенбаха Агния Давидовна;Касатый Ника Федотовна;1;1790400;БСТ B45 П5 F1300 W16;50
month;43709;43738;Розенбаха Агния Давидовна;Касатый Ника Федотовна;2;1298854;Раствор М200 Пк3;50
week;43724;43730;Розенбаха Агния Давидовна;Касатый Ника Федотовна;1;676204;Дегидрация;42
week;43731;43737;Розенбаха Агния Давидовна;Касатый Ника Федотовна;1;622650;БСТ B40 П5 F1300 W14;50
week;43738;43744;Розенбаха Агния Давидовна;Касатый Ника Федотовна;1;761828;БСТ B35 П5 F1200 W12;46
month;43739;43769;Розенбаха Агния Давидовна;Касатый Ника Федотовна;1;761828;БСТ B50 П5 F1300 W18;46
month;43800;43830;Розенбаха Агния Давидовна;Касатый Ника Федотовна;2;692127;Мелкозернистый бетон БСМ B22,5 П3,П4;36
week;43822;43828;Розенбаха Агния Давидовна;Касатый Ника Федотовна;2;692127;Раствор М150 Пк3;36
month;43831;43861;Розенбаха Агния Давидовна;Касатый Ника Федотовна;1;527484;БСТ B40 П5 F1300 W14;13
week;43836;43842;Розенбаха Агния Давидовна;Касатый Ника Федотовна;1;527484;БСТ B25 П4 F1150 W8;13
month;43405;43434;Румянцева Варвара Всеволодовна;Кокоткин Аркадий Анатолиевич;3;1779114;БСТ B45 П5 F1300 W16;46
week;43409;43415;Румянцева Варвара Всеволодовна;Кокоткин Аркадий Анатолиевич;2;1256514;Формовка;46
week;43416;43422;Румянцева Варвара Всеволодовна;Кокоткин Аркадий Анатолиевич;1;522600;БСТ B25 П4 F1200 W10;20
month;43435;43465;Румянцева Варвара Всеволодовна;Кокоткин Аркадий Анатолиевич;2;1599320;БСТ B35 П5 F1300 W12;70
week;43451;43457;Румянцева Варвара Всеволодовна;Кокоткин Аркадий Анатолиевич;1;1551040;БСТ B30 П4 F1150 W10;70
week;43458;43464;Румянцева Варвара Всеволодовна;Кокоткин Аркадий Анатолиевич;1;48280;БСТ B35 П5 F1300 W12;58
month;43466;43496;Румянцева Варвара Всеволодовна;Кокоткин Аркадий Анатолиевич;4;4208328;Мелкозернистый бетон БСМ B 7,5 П3,П4;53
week;43472;43478;Румянцева Варвара Всеволодовна;Кокоткин Аркадий Анатолиевич;1;839952;БСТ B35 П5 F1300 W12;53
week;43479;43485;Румянцева Варвара Всеволодовна;Кокоткин Аркадий Анатолиевич;2;2763088;Пусковая смесь;28
week;43486;43492;Румянцева Варвара Всеволодовна;Кокоткин Аркадий Анатолиевич;1;605288;Мелкозернистый бетон БСМ B25 П3,П4;25
month;43525;43555;Румянцева Варвара Всеволодовна;Кокоткин Аркадий Анатолиевич;1;1238120;Мелкозернистый бетон БСМ B25 П3,П4;39
week;43542;43548;Румянцева Варвара Всеволодовна;Кокоткин Аркадий Анатолиевич;1;1238120;Мелкозернистый бетон БСМ B25 П3,П4;39
month;43556;43585;Румянцева Варвара Всеволодовна;Кокоткин Аркадий Анатолиевич;1;904398;БСТ B40 П5 F1300 W14;51
week;43556;43562;Румянцева Варвара Всеволодовна;Кокоткин Аркадий Анатолиевич;1;904398;БСТ B40 П5 F1300 W14;51
week;43584;43590;Румянцева Варвара Всеволодовна;Кокоткин Аркадий Анатолиевич;1;714450;Пусковая смесь;10
month;43586;43616;Румянцева Варвара Всеволодовна;Кокоткин Аркадий Анатолиевич;1;714450;Мелкозернистый бетон БСМ B22,5 П3,П4;10
month;43617;43646;Румянцева Варвара Всеволодовна;Кокоткин Аркадий Анатолиевич;1;733650;Фасовка;46
week;43619;43625;Румянцева Варвара Всеволодовна;Кокоткин Аркадий Анатолиевич;1;733650;БСТ B20 П3,П4;46
month;43647;43677;Румянцева Варвара Всеволодовна;Кокоткин Аркадий Анатолиевич;4;1317920;Раствор кладочный М150 Пк3;73
week;43654;43660;Румянцева Варвара Всеволодовна;Кокоткин Аркадий Анатолиевич;1;601392;Мелкозернистый бетон БСМ B15 П3,П4;34
week;43661;43667;Румянцева Варвара Всеволодовна;Кокоткин Аркадий Анатолиевич;2;103761;Мелкозернистый бетон БСМ B22,5 П3,П4;73
week;43675;43681;Румянцева Варвара Всеволодовна;Кокоткин Аркадий Анатолиевич;1;612767;БСТ B60 П5 F1300 W20;1
month;43678;43708;Румянцева Варвара Всеволодовна;Кокоткин Аркадий Анатолиевич;2;1567078;БСТ B60 П5 F1300 W20;42
week;43689;43695;Румянцева Варвара Всеволодовна;Кокоткин Аркадий Анатолиевич;1;990876;БСТ B35 П5 F1300 W12;42
week;43703;43709;Румянцева Варвара Всеволодовна;Кокоткин Аркадий Анатолиевич;1;576202;Формовка;21
month;43709;43738;Румянцева Варвара Всеволодовна;Кокоткин Аркадий Анатолиевич;3;1701614;Раствор М200 Пк3;78
week;43724;43730;Румянцева Варвара Всеволодовна;Кокоткин Аркадий Анатолиевич;2;993089;Дегидрация;78
week;43731;43737;Румянцева Варвара Всеволодовна;Кокоткин Аркадий Анатолиевич;1;708525;БСТ B40 П5 F1300 W14;41
month;43739;43769;Румянцева Варвара Всеволодовна;Кокоткин Аркадий Анатолиевич;1;435512;БСТ B50 П5 F1300 W18;1
week;43745;43751;Румянцева Варвара Всеволодовна;Кокоткин Аркадий Анатолиевич;1;435512;БСТ B60 П5 F1300 W20;1
month;43770;43799;Румянцева Варвара Всеволодовна;Кокоткин Аркадий Анатолиевич;1;623560;БСТ B30 П4 F1200 W10;19
week;43773;43779;Румянцева Варвара Всеволодовна;Кокоткин Аркадий Анатолиевич;1;623560;БСТ B15 П3,П4;19
month;43800;43830;Румянцева Варвара Всеволодовна;Кокоткин Аркадий Анатолиевич;2;564230;Мелкозернистый бетон БСМ B22,5 П3,П4;61
week;43808;43814;Румянцева Варвара Всеволодовна;Кокоткин Аркадий Анатолиевич;1;515218;БСТ B45 П5 F1300 W16;21
week;43815;43821;Румянцева Варвара Всеволодовна;Кокоткин Аркадий Анатолиевич;1;49012;Мелкозернистый бетон БСМ B15 П3,П4;61
month;43831;43861;Румянцева Варвара Всеволодовна;Кокоткин Аркадий Анатолиевич;2;1414892;БСТ B40 П5 F1300 W14;50
week;43836;43842;Румянцева Варвара Всеволодовна;Кокоткин Аркадий Анатолиевич;1;704700;БСТ B25 П4 F1150 W8;50
week;43843;43849;Румянцева Варвара Всеволодовна;Кокоткин Аркадий Анатолиевич;1;710192;БСТ B30 П4 F1200 W10;19
month;43405;43434;Фарест Александр Вячеславович;Касатый Ника Федотовна;3;858756;БСТ B45 П5 F1300 W16;53
week;43409;43415;Фарест Александр Вячеславович;Касатый Ника Федотовна;2;818839;Формовка;53
week;43416;43422;Фарест Александр Вячеславович;Касатый Ника Федотовна;1;39917;БСТ B25 П4 F1200 W10;26
month;43435;43465;Фарест Александр Вячеславович;Касатый Ника Федотовна;1;583500;БСТ B35 П5 F1300 W12;41
week;43458;43464;Фарест Александр Вячеславович;Касатый Ника Федотовна;1;583500;БСТ B35 П5 F1300 W12;41
month;43466;43496;Фарест Александр Вячеславович;Касатый Ника Федотовна;3;1413347;Мелкозернистый бетон БСМ B 7,5 П3,П4;66
week;43479;43485;Фарест Александр Вячеславович;Касатый Ника Федотовна;1;668745;Пусковая смесь;12
week;43486;43492;Фарест Александр Вячеславович;Касатый Ника Федотовна;2;744602;Мелкозернистый бетон БСМ B25 П3,П4;66
month;43497;43524;Фарест Александр Вячеславович;Касатый Ника Федотовна;1;678695;БСТ B45 П5 F1300 W16;63
week;43507;43513;Фарест Александр Вячеславович;Касатый Ника Федотовна;1;678695;БСТ B30 П4 F1200 W10;63
month;43525;43555;Фарест Александр Вячеславович;Касатый Ника Федотовна;3;872848;Мелкозернистый бетон БСМ B25 П3,П4;61
week;43528;43534;Фарест Александр Вячеславович;Касатый Ника Федотовна;3;872848;Мелкозернистый бетон БСМ B15 П3,П4;61
month;43556;43585;Фарест Александр Вячеславович;Касатый Ника Федотовна;1;1401180;БСТ B40 П5 F1300 W14;17
week;43570;43576;Фарест Александр Вячеславович;Касатый Ника Федотовна;1;1401180;БСТ B30 П4 F1200 W10;17
month;43586;43616;Фарест Александр Вячеславович;Касатый Ника Федотовна;1;38771;Мелкозернистый бетон БСМ B22,5 П3,П4;27
week;43598;43604;Фарест Александр Вячеславович;Касатый Ника Федотовна;1;38771;БСТ B25 П4 F1200 W10;27
week;43647;43653;Фарест Александр Вячеславович;Касатый Ника Федотовна;1;630184;Мелкозернистый бетон БСМ B 7,5 П3,П4;48
month;43647;43677;Фарест Александр Вячеславович;Касатый Ника Федотовна;1;630184;Раствор кладочный М150 Пк3;48
week;43675;43681;Фарест Александр Вячеславович;Касатый Ника Федотовна;1;759800;БСТ B60 П5 F1300 W20;45
month;43678;43708;Фарест Александр Вячеславович;Касатый Ника Федотовна;4;3640576;БСТ B60 П5 F1300 W20;47
week;43696;43702;Фарест Александр Вячеславович;Касатый Ника Федотовна;2;2288646;БСТ B45 П5 F1300 W16;47
week;43703;43709;Фарест Александр Вячеславович;Касатый Ника Федотовна;1;592130;Формовка;10
month;43709;43738;Фарест Александр Вячеславович;Касатый Ника Федотовна;3;1951753;Раствор М200 Пк3;35
week;43717;43723;Фарест Александр Вячеславович;Касатый Ника Федотовна;1;444136;БСТ B35 П5 F1200 W12;3
week;43731;43737;Фарест Александр Вячеславович;Касатый Ника Федотовна;2;1507617;БСТ B40 П5 F1300 W14;35
month;43739;43769;Фарест Александр Вячеславович;Касатый Ника Федотовна;2;1083548;БСТ B50 П5 F1300 W18;3
week;43745;43751;Фарест Александр Вячеславович;Касатый Ника Федотовна;1;655995;БСТ B60 П5 F1300 W20;1
week;43752;43758;Фарест Александр Вячеславович;Касатый Ника Федотовна;1;427553;БСТ B30 П4 F1150 W10;3
month;43770;43799;Фарест Александр Вячеславович;Касатый Ника Федотовна;2;636118;БСТ B30 П4 F1200 W10;63
week;43773;43779;Фарест Александр Вячеславович;Касатый Ника Федотовна;1;51702;БСТ B15 П3,П4;63
week;43794;43800;Фарест Александр Вячеславович;Касатый Ника Федотовна;1;584416;БСТ B20 П3,П4;12
month;43831;43861;Фарест Александр Вячеславович;Касатый Ника Федотовна;2;1281283;БСТ B40 П5 F1300 W14;40
week;43857;43863;Фарест Александр Вячеславович;Касатый Ника Федотовна;2;1281283;Мелкозернистый бетон БСМ B22,5 П3,П4;40
month;43862;43890;Фарест Александр Вячеславович;Касатый Ника Федотовна;2;1508724;БСТ B40 П5 F1300 W14;23
week;43871;43877;Фарест Александр Вячеславович;Касатый Ника Федотовна;2;1508724;Мелкозернистый бетон БСМ B25 П3,П4;23
week;43402;43408;Янушко Анастасия Антониновна;Янушко Анастасия Антониновна;1;895200;БСТ B45 П5 F1300 W16;60
month;43405;43434;Янушко Анастасия Антониновна;Янушко Анастасия Антониновна;1;895200;БСТ B45 П5 F1300 W16;60
month;43435;43465;Янушко Анастасия Антониновна;Янушко Анастасия Антониновна;6;3996254;БСТ B35 П5 F1300 W12;59
week;43437;43443;Янушко Анастасия Антониновна;Янушко Анастасия Антониновна;1;1169796;БСТ B 7,5 П3,П4;48
week;43444;43450;Янушко Анастасия Антониновна;Янушко Анастасия Антониновна;2;1001699;БСТ B30 П4 F1150 W10;42
week;43451;43457;Янушко Анастасия Антониновна;Янушко Анастасия Антониновна;2;1174999;БСТ B30 П4 F1150 W10;59
week;43458;43464;Янушко Анастасия Антониновна;Янушко Анастасия Антониновна;1;649760;БСТ B35 П5 F1300 W12;42
week;43465;43471;Янушко Анастасия Антониновна;Янушко Анастасия Антониновна;1;482830;БСТ B30 П4 F1200 W10;16
month;43466;43496;Янушко Анастасия Антониновна;Янушко Анастасия Антониновна;3;2562741;Мелкозернистый бетон БСМ B 7,5 П3,П4;44
week;43472;43478;Янушко Анастасия Антониновна;Янушко Анастасия Антониновна;1;1411586;БСТ B35 П5 F1300 W12;28
week;43493;43499;Янушко Анастасия Антониновна;Янушко Анастасия Антониновна;1;668325;БСТ B20 П3,П4;44
month;43497;43524;Янушко Анастасия Антониновна;Янушко Анастасия Антониновна;1;688470;БСТ B45 П5 F1300 W16;13
week;43500;43506;Янушко Анастасия Антониновна;Янушко Анастасия Антониновна;1;688470;БСТ B45 П5 F1300 W16;13
month;43525;43555;Янушко Анастасия Антониновна;Янушко Анастасия Антониновна;4;2083330;Мелкозернистый бетон БСМ B25 П3,П4;60
week;43528;43534;Янушко Анастасия Антониновна;Янушко Анастасия Антониновна;3;1603114;Мелкозернистый бетон БСМ B15 П3,П4;60
week;43542;43548;Янушко Анастасия Антониновна;Янушко Анастасия Антониновна;1;480216;Мелкозернистый бетон БСМ B25 П3,П4;17
month;43556;43585;Янушко Анастасия Антониновна;Янушко Анастасия Антониновна;1;681483;БСТ B40 П5 F1300 W14;14
week;43563;43569;Янушко Анастасия Антониновна;Янушко Анастасия Антониновна;1;681483;БСТ B30 П4 F1150 W10;14
month;43586;43616;Янушко Анастасия Антониновна;Янушко Анастасия Антониновна;2;1387512;Мелкозернистый бетон БСМ B22,5 П3,П4;44
week;43591;43597;Янушко Анастасия Антониновна;Янушко Анастасия Антониновна;1;873648;Мелкозернистый бетон БСМ B22,5 П3,П4;44
week;43598;43604;Янушко Анастасия Антониновна;Янушко Анастасия Антониновна;1;513864;БСТ B25 П4 F1200 W10;22
month;43617;43646;Янушко Анастасия Антониновна;Янушко Анастасия Антониновна;2;987834;Фасовка;49
week;43619;43625;Янушко Анастасия Антониновна;Янушко Анастасия Антониновна;1;942480;БСТ B20 П3,П4;5
week;43640;43646;Янушко Анастасия Антониновна;Янушко Анастасия Антониновна;1;45354;БСТ B40 П5 F1300 W14;49
month;43647;43677;Янушко Анастасия Антониновна;Янушко Анастасия Антониновна;2;1295264;Раствор кладочный М150 Пк3;42
week;43661;43667;Янушко Анастасия Антониновна;Янушко Анастасия Антониновна;1;676204;Мелкозернистый бетон БСМ B22,5 П3,П4;42
week;43675;43681;Янушко Анастасия Антониновна;Янушко Анастасия Антониновна;1;619060;БСТ B60 П5 F1300 W20;30
month;43678;43708;Янушко Анастасия Антониновна;Янушко Анастасия Антониновна;3;2622701;БСТ B60 П5 F1300 W20;37
week;43682;43688;Янушко Анастасия Антониновна;Янушко Анастасия Антониновна;2;1966608;Раствор М200 Пк3;12
week;43689;43695;Янушко Анастасия Антониновна;Янушко Анастасия Антониновна;1;656093;БСТ B35 П5 F1300 W12;37
month;43739;43769;Янушко Анастасия Антониновна;Янушко Анастасия Антониновна;3;2089980;БСТ B50 П5 F1300 W18;39
week;43752;43758;Янушко Анастасия Антониновна;Янушко Анастасия Антониновна;1;624428;БСТ B30 П4 F1150 W10;16
week;43759;43765;Янушко Анастасия Антониновна;Янушко Анастасия Антониновна;2;1465552;Раствор кладочный М150 Пк3;39
week;43766;43772;Янушко Анастасия Антониновна;Янушко Анастасия Антониновна;1;1644906;БСТ B30 П4 F1200 W10;41
month;43770;43799;Янушко Анастасия Антониновна;Янушко Анастасия Антониновна;2;2456202;БСТ B30 П4 F1200 W10;44
week;43787;43793;Янушко Анастасия Антониновна;Янушко Анастасия Антониновна;1;811296;БСТ B25 П4 F1200 W10;44
month;43831;43861;Янушко Анастасия Антониновна;Янушко Анастасия Антониновна;2;661527;БСТ B40 П5 F1300 W14;43
week;43850;43856;Янушко Анастасия Антониновна;Янушко Анастасия Антониновна;2;661527;БСТ B30 П4 F1150 W10;43
month;43405;43434;Янчуковский Ярослав Модестович;Янушко Анастасия Антониновна;1;54559;БСТ B45 П5 F1300 W16;54
week;43430;43436;Янчуковский Ярослав Модестович;Янушко Анастасия Антониновна;1;54559;БСТ B50 П5 F1300 W18;54
month;43435;43465;Янчуковский Ярослав Модестович;Янушко Анастасия Антониновна;2;1123069;БСТ B35 П5 F1300 W12;53
week;43437;43443;Янчуковский Ярослав Модестович;Янушко Анастасия Антониновна;1;554449;БСТ B 7,5 П3,П4;17
week;43444;43450;Янчуковский Ярослав Модестович;Янушко Анастасия Антониновна;1;568620;БСТ B30 П4 F1150 W10;53
week;43465;43471;Янчуковский Ярослав Модестович;Янушко Анастасия Антониновна;1;662448;БСТ B30 П4 F1200 W10;17
month;43466;43496;Янчуковский Ярослав Модестович;Янушко Анастасия Антониновна;3;1223452;Мелкозернистый бетон БСМ B 7,5 П3,П4;49
week;43472;43478;Янчуковский Ярослав Модестович;Янушко Анастасия Антониновна;2;561004;БСТ B35 П5 F1300 W12;49
month;43497;43524;Янчуковский Ярослав Модестович;Янушко Анастасия Антониновна;1;483210;БСТ B45 П5 F1300 W16;33
week;43507;43513;Янчуковский Ярослав Модестович;Янушко Анастасия Антониновна;1;483210;БСТ B30 П4 F1200 W10;33
month;43525;43555;Янчуковский Ярослав Модестович;Янушко Анастасия Антониновна;2;645864;Мелкозернистый бетон БСМ B25 П3,П4;54
week;43528;43534;Янчуковский Ярослав Модестович;Янушко Анастасия Антониновна;1;597204;Мелкозернистый бетон БСМ B15 П3,П4;15
week;43549;43555;Янчуковский Ярослав Модестович;Янушко Анастасия Антониновна;1;48660;БСТ B35 П5 F1300 W12;54
week;43556;43562;Янчуковский Ярослав Модестович;Янушко Анастасия Антониновна;2;1243284;БСТ B40 П5 F1300 W14;53
month;43556;43585;Янчуковский Ярослав Модестович;Янушко Анастасия Антониновна;3;1674988;БСТ B40 П5 F1300 W14;53
week;43570;43576;Янчуковский Ярослав Модестович;Янушко Анастасия Антониновна;1;431704;БСТ B30 П4 F1200 W10;5
month;43586;43616;Янчуковский Ярослав Модестович;Янушко Анастасия Антониновна;3;1985955;Мелкозернистый бетон БСМ B22,5 П3,П4;50
week;43591;43597;Янчуковский Ярослав Модестович;Янушко Анастасия Антониновна;1;642870;Мелкозернистый бетон БСМ B22,5 П3,П4;35
week;43598;43604;Янчуковский Ярослав Модестович;Янушко Анастасия Антониновна;2;1343085;БСТ B25 П4 F1200 W10;50
month;43617;43646;Янчуковский Ярослав Модестович;Янушко Анастасия Антониновна;1;896310;Фасовка;38
week;43626;43632;Янчуковский Ярослав Модестович;Янушко Анастасия Антониновна;1;896310;БСТ B60 П5 F1300 W20;38
month;43678;43708;Янчуковский Ярослав Модестович;Янушко Анастасия Антониновна;2;712678;БСТ B60 П5 F1300 W20;37
week;43696;43702;Янчуковский Ярослав Модестович;Янушко Анастасия Антониновна;1;667370;БСТ B45 П5 F1300 W16;10
week;43703;43709;Янчуковский Ярослав Модестович;Янушко Анастасия Антониновна;1;45308;Формовка;37
month;43709;43738;Янчуковский Ярослав Модестович;Янушко Анастасия Антониновна;3;1468155;Раствор М200 Пк3;58
week;43710;43716;Янчуковский Ярослав Модестович;Янушко Анастасия Антониновна;2;1419875;БСТ B25 П4 F1150 W8;47
week;43738;43744;Янчуковский Ярослав Модестович;Янушко Анастасия Антониновна;1;48280;БСТ B35 П5 F1200 W12;58
month;43770;43799;Янчуковский Ярослав Модестович;Янушко Анастасия Антониновна;2;2355523;БСТ B30 П4 F1200 W10;43
week;43780;43786;Янчуковский Ярослав Модестович;Янушко Анастасия Антониновна;2;2355523;БСТ B45 П5 F1300 W16;43
month;43831;43861;Янчуковский Ярослав Модестович;Янушко Анастасия Антониновна;3;2152635;БСТ B40 П5 F1300 W14;37
week;43836;43842;Янчуковский Ярослав Модестович;Янушко Анастасия Антониновна;2;1364121;БСТ B25 П4 F1150 W8;37
week;43857;43863;Янчуковский Ярослав Модестович;Янушко Анастасия Антониновна;1;788514;Мелкозернистый бетон БСМ B22,5 П3,П4;13
month;43435;43465;Янькова Елизавета Антониновна;Коченкова Розалия Федоровна;1;608025;БСТ B35 П5 F1300 W12;40
week;43437;43443;Янькова Елизавета Антониновна;Коченкова Розалия Федоровна;1;608025;БСТ B 7,5 П3,П4;40
week;43465;43471;Янькова Елизавета Антониновна;Коченкова Розалия Федоровна;1;699194;БСТ B30 П4 F1200 W10;58
month;43466;43496;Янькова Елизавета Антониновна;Коченкова Розалия Федоровна;1;699194;Мелкозернистый бетон БСМ B 7,5 П3,П4;58
month;43497;43524;Янькова Елизавета Антониновна;Коченкова Розалия Федоровна;1;584292;БСТ B45 П5 F1300 W16;21
week;43514;43520;Янькова Елизавета Антониновна;Коченкова Розалия Федоровна;1;584292;БСТ B60 П5 F1300 W20;21
month;43525;43555;Янькова Елизавета Антониновна;Коченкова Розалия Федоровна;3;1964416;Мелкозернистый бетон БСМ B25 П3,П4;53
week;43542;43548;Янькова Елизавета Антониновна;Коченкова Розалия Федоровна;2;1304176;Мелкозернистый бетон БСМ B25 П3,П4;53
week;43549;43555;Янькова Елизавета Антониновна;Коченкова Розалия Федоровна;1;660240;БСТ B35 П5 F1300 W12;32
week;43556;43562;Янькова Елизавета Антониновна;Коченкова Розалия Федоровна;1;581256;БСТ B40 П5 F1300 W14;49
month;43556;43585;Янькова Елизавета Антониновна;Коченкова Розалия Федоровна;1;581256;БСТ B40 П5 F1300 W14;49
month;43586;43616;Янькова Елизавета Антониновна;Коченкова Розалия Федоровна;4;3102556;Мелкозернистый бетон БСМ B22,5 П3,П4;47
week;43591;43597;Янькова Елизавета Антониновна;Коченкова Розалия Федоровна;1;446040;Мелкозернистый бетон БСМ B22,5 П3,П4;20
week;43598;43604;Янькова Елизавета Антониновна;Коченкова Розалия Федоровна;2;1952280;БСТ B25 П4 F1200 W10;47
week;43605;43611;Янькова Елизавета Антониновна;Коченкова Розалия Федоровна;1;704236;Раствор кладочный М150 Пк3;16
month;43647;43677;Янькова Елизавета Антониновна;Коченкова Розалия Федоровна;1;448308;Раствор кладочный М150 Пк3;8
week;43654;43660;Янькова Елизавета Антониновна;Коченкова Розалия Федоровна;1;448308;Мелкозернистый бетон БСМ B15 П3,П4;8
month;43709;43738;Янькова Елизавета Антониновна;Коченкова Розалия Федоровна;2;694981;Раствор М200 Пк3;30
week;43710;43716;Янькова Елизавета Антониновна;Коченкова Розалия Федоровна;1;653250;БСТ B25 П4 F1150 W8;30
week;43717;43723;Янькова Елизавета Антониновна;Коченкова Розалия Федоровна;1;41731;БСТ B35 П5 F1200 W12;26
month;43739;43769;Янькова Елизавета Антониновна;Коченкова Розалия Федоровна;2;650593;БСТ B50 П5 F1300 W18;30
week;43745;43751;Янькова Елизавета Антониновна;Коченкова Розалия Федоровна;1;609536;БСТ B60 П5 F1300 W20;28
week;43752;43758;Янькова Елизавета Антониновна;Коченкова Розалия Федоровна;1;41057;БСТ B30 П4 F1150 W10;30
month;43800;43830;Янькова Елизавета Антониновна;Коченкова Розалия Федоровна;1;698165;Мелкозернистый бетон БСМ B22,5 П3,П4;15
week;43801;43807;Янькова Елизавета Антониновна;Коченкова Розалия Федоровна;1;698165;Раствор М150 Пк3;15
month;43831;43861;Янькова Елизавета Антониновна;Коченкова Розалия Федоровна;1;82026;БСТ B40 П5 F1300 W14;5
week;43843;43849;Янькова Елизавета Антониновна;Коченкова Розалия Федоровна;1;82026;БСТ B30 П4 F1200 W10;5